ID,平均价
0,10.5
1,10.5
2,10.5
3,10.5
4,10.5
5,10.5
6,10.5
7,10.5
8,10.5
9,11.5
10,11.5
11,11.5
12,11.5
13,11.5
14,11.5
15,11.5
16,11.5
17,11.5
18,11.5
19,11.5
20,11.5
21,11.5
22,11.5
23,11.5
24,11.5
25,11.5
26,11.5
27,12.0
28,12.0
29,12.0
30,12.0
31,12.0
32,12.0
33,25.628602981567383
34,26.284114837646484
35,26.939620971679688
36,27.59513282775879
37,28.250638961791992
38,28.906150817871094
39,29.561660766601562
