ID,平均价
0,6.25
1,6.25
2,7.25
3,7.25
4,7.25
5,4.5
6,7.25
7,7.25
8,7.0
9,7.0
10,7.0
11,7.0
12,7.0
13,7.0
14,7.0
15,7.5
16,4.35
17,6.5
18,6.5
19,6.5
20,10.0
21,10.0
22,10.0
23,10.0
24,10.0
25,10.0
26,11.0
27,11.0
28,11.0
29,11.0
30,10.5
31,10.5
32,10.5
33,31.245330810546875
34,32.17734909057617
35,33.1093635559082
36,34.041378021240234
37,34.973392486572266
38,35.90540313720703
39,36.83742141723633
