ID,平均价
0,2.65
1,2.65
2,2.65
3,2.65
4,2.65
5,2.65
6,2.65
7,2.65
8,2.65
9,2.65
10,2.65
11,2.65
12,2.65
13,2.65
14,2.65
15,2.65
16,2.65
17,2.65
18,2.65
19,2.65
20,2.65
21,2.65
22,2.65
23,2.65
24,2.65
25,2.65
26,2.65
27,2.5
28,2.5
29,2.5
30,2.5
31,2.5
32,2.5
33,7.389981269836426
34,7.5467376708984375
35,7.703494071960449
36,7.860250949859619
37,8.017005920410156
38,8.1737642288208
39,8.330520629882812
