ID,平均价
0,10.5
1,10.5
2,10.5
3,8.5
4,8.5
5,8.5
6,9.5
7,9.5
8,10.5
9,10.5
10,10.5
11,10.5
12,10.5
13,10.5
14,10.5
15,10.5
16,9.5
17,9.5
18,8.5
19,7.5
20,7.5
21,7.5
22,7.5
23,7.5
24,7.5
25,8.25
26,7.25
27,7.25
28,7.5
29,7.5
30,7.5
31,7.5
32,9.25
33,8.5
34,-28.03194808959961
35,-29.436952590942383
36,-30.841957092285156
37,-32.24695587158203
38,-33.65195846557617
39,-35.05696487426758
40,-36.461971282958984
