ID,平均价
0,3.0
1,3.0
2,3.0
3,3.0
4,3.0
5,3.0
6,3.0
7,3.0
8,3.0
9,3.0
10,3.0
11,3.0
12,3.0
13,3.0
14,3.0
15,3.0
16,3.0
17,2.95
18,2.95
19,2.95
20,2.95
21,2.95
22,2.95
23,2.95
24,2.95
25,2.95
26,2.95
27,2.8
28,2.8
29,2.8
30,2.8
31,2.8
32,2.8
33,-6.7339982986450195
34,-7.053485870361328
35,-7.372974395751953
36,-7.6924638748168945
37,-8.011953353881836
38,-8.331439971923828
39,-8.65092945098877
