ID,平均价
0,15.5
1,15.5
2,12.5
3,11.5
4,11.5
5,11.5
6,11.5
7,11.5
8,8.5
9,8.5
10,8.5
11,8.5
12,8.5
13,8.5
14,8.5
15,8.5
16,12.5
17,13.0
18,14.5
19,15.5
20,15.5
21,15.5
22,14.5
23,12.5
24,12.5
25,12.5
26,12.5
27,11.5
28,10.5
29,9.5
30,8.5
31,8.5
32,10.0
33,9.5
34,31.597715377807617
35,32.493370056152344
36,33.3890266418457
37,34.2846794128418
38,35.180335998535156
39,36.07598876953125
40,36.971649169921875
