ID,平均价
0,7.0
1,7.0
2,7.0
3,7.0
4,7.0
5,7.0
6,7.0
7,7.0
8,7.0
9,6.2
10,6.2
11,6.2
12,6.2
13,6.2
14,6.2
15,6.2
16,6.2
17,6.2
18,6.2
19,6.2
20,6.2
21,6.0
22,6.0
23,6.0
24,6.0
25,6.0
26,6.0
27,6.0
28,6.0
29,6.0
30,6.0
31,6.0
32,6.0
33,-18.021318435668945
34,-18.924009323120117
35,-19.826696395874023
36,-20.72938346862793
37,-21.6320743560791
38,-22.534765243530273
39,-23.43745231628418
