ID,平均价
0,15.5
1,15.5
2,15.5
3,15.5
4,15.5
5,15.5
6,15.5
7,15.5
8,15.5
9,15.0
10,15.0
11,15.0
12,15.0
13,15.0
14,15.0
15,15.0
16,15.0
17,15.0
18,15.0
19,15.0
20,15.0
21,15.0
22,15.0
23,15.0
24,15.0
25,15.0
26,15.0
27,15.0
28,15.0
29,15.0
30,14.0
31,14.0
32,14.0
33,12.641289710998535
34,12.524810791015625
35,12.408330917358398
36,12.291851043701172
37,12.175372123718262
38,12.05900764465332
39,11.9426851272583
