ID,平均价
0,7.5
1,7.5
2,6.5
3,7.5
4,7.5
5,7.5
6,8.0
7,8.5
8,8.5
9,8.5
10,9.5
11,9.5
12,9.5
13,9.5
14,9.5
15,8.5
16,7.5
17,7.5
18,8.5
19,8.5
20,8.5
21,8.5
22,8.5
23,9.5
24,9.5
25,7.5
26,7.5
27,8.5
28,9.5
29,10.5
30,10.5
31,9.5
32,9.5
33,8.0
34,6.147690773010254
35,6.047811508178711
36,5.947934150695801
37,5.848056316375732
38,5.7481770515441895
39,5.64829683303833
40,5.54841947555542
