ID,平均价
0,25.5
1,25.5
2,25.5
3,26.5
4,37.5
5,34.5
6,30.5
7,28.5
8,19.0
9,19.0
10,19.0
11,19.0
12,18.5
13,18.5
14,18.5
15,17.5
16,16.5
17,14.5
18,14.5
19,12.5
20,12.5
21,11.5
22,9.5
23,9.5
24,9.5
25,9.5
26,9.5
27,10.5
28,15.5
29,18.5
30,18.5
31,31.5
32,7.1900410652160645
33,6.052882194519043
34,4.915725231170654
35,3.778563976287842
36,2.641406774520874
37,1.5042470693588257
38,0.37407350540161133
