ID,平均价
0,4.3
1,4.4
2,4.4
3,4.4
4,4.25
5,4.25
6,4.25
7,4.25
8,3.75
9,4.25
10,4.25
11,4.25
12,4.25
13,4.25
14,4.25
15,4.25
16,4.25
17,4.25
18,4.25
19,4.25
20,4.25
21,4.25
22,4.25
23,4.25
24,5.25
25,6.5
26,7.0
27,4.75
28,4.75
29,5.35
30,5.25
31,4.0
32,4.0
33,18.552934646606445
34,19.067079544067383
35,19.58122444152832
36,20.095367431640625
37,20.60951042175293
38,21.123653411865234
39,21.637800216674805
