ID,平均价
0,3.0
1,3.0
2,3.0
3,3.0
4,3.0
5,3.0
6,3.0
7,3.0
8,3.0
9,3.0
10,3.0
11,3.0
12,3.0
13,3.05
14,3.05
15,3.05
16,3.05
17,3.05
18,3.05
19,3.05
20,3.05
21,3.05
22,3.05
23,3.05
24,3.05
25,3.05
26,3.05
27,3.2
28,3.2
29,3.2
30,3.2
31,3.2
32,3.2
33,10.487086296081543
34,10.736211776733398
35,10.985336303710938
36,11.234461784362793
37,11.483587265014648
38,11.732710838317871
39,11.981836318969727
