ID,平均价
0,2.22
1,2.22
2,2.22
3,2.22
4,2.22
5,2.22
6,2.15
7,2.15
8,2.15
9,2.15
10,2.15
11,2.15
12,2.15
13,2.15
14,2.15
15,2.15
16,2.15
17,2.15
18,2.15
19,2.15
20,2.15
21,2.15
22,2.15
23,2.15
24,2.15
25,2.15
26,2.15
27,2.15
28,2.15
29,2.15
30,2.15
31,2.15
32,2.15
33,9.601310729980469
34,9.843171119689941
35,10.085037231445312
36,10.326910018920898
37,10.568775177001953
38,10.810643196105957
39,11.052507400512695
