ID,平均价
0,13.0
1,13.5
2,13.5
3,14.5
4,13.5
5,10.8
6,10.8
7,14.05
8,16.0
9,17.25
10,19.0
11,20.4
12,16.0
13,18.0
14,18.5
15,18.5
16,11.5
17,11.5
18,13.75
19,13.75
20,13.75
21,38.0
22,38.0
23,38.0
24,16.272384643554688
25,16.534372329711914
26,16.792879104614258
27,17.051387786865234
28,17.309894561767578
29,17.568401336669922
30,17.826908111572266
