ID,平均价
0,3.25
1,3.25
2,3.25
3,3.25
4,3.25
5,3.25
6,3.25
7,3.25
8,3.25
9,3.25
10,3.25
11,3.25
12,3.25
13,3.25
14,3.25
15,3.25
16,3.25
17,3.25
18,3.25
19,3.25
20,3.25
21,3.25
22,3.25
23,3.25
24,3.25
25,3.25
26,3.25
27,3.25
28,3.25
29,3.25
30,3.25
31,3.25
32,3.25
33,3.250551223754883
34,3.250458240509033
35,3.2503650188446045
36,3.2502715587615967
37,3.2501795291900635
38,3.2500863075256348
39,3.2499942779541016
