ID,平均价
0,4.75
1,4.75
2,4.75
3,4.75
4,4.75
5,4.75
6,4.75
7,4.75
8,4.75
9,4.75
10,4.75
11,4.75
12,4.75
13,4.75
14,4.75
15,4.75
16,4.75
17,4.75
18,4.75
19,4.75
20,4.75
21,4.75
22,4.75
23,4.75
24,4.75
25,4.75
26,4.75
27,4.75
28,4.75
29,4.75
30,4.75
31,4.75
32,4.75
33,4.657538890838623
34,4.654026031494141
35,4.650512218475342
36,4.646998882293701
37,4.643485069274902
38,4.639971733093262
39,4.636457920074463
