ID,平均价
0,32.5
1,32.5
2,32.5
3,32.5
4,32.5
5,32.5
6,32.5
7,32.5
8,34.0
9,32.5
10,32.5
11,32.5
12,32.5
13,32.5
14,32.5
15,32.5
16,33.0
17,33.0
18,33.0
19,34.0
20,34.0
21,34.0
22,31.5
23,31.5
24,31.5
25,31.5
26,31.5
27,31.5
28,31.5
29,31.5
30,31.5
31,31.5
32,30.5
33,32.41738510131836
34,32.170169830322266
35,32.12062072753906
36,32.09966278076172
37,32.08879089355469
38,32.07675552368164
39,32.064353942871094
