ID,平均价
0,2.15
1,2.15
2,2.15
3,2.15
4,2.15
5,2.15
6,2.15
7,2.15
8,2.15
9,2.15
10,2.15
11,2.15
12,2.15
13,2.15
14,2.15
15,2.15
16,2.15
17,2.15
18,2.15
19,2.15
20,2.15
21,2.15
22,2.15
23,2.15
24,2.15
25,2.15
26,2.15
27,2.15
28,2.15
29,2.15
30,2.15
31,2.15
32,2.15
33,2.198789119720459
34,2.2004382610321045
35,2.202087163925171
36,2.2037360668182373
37,2.2053849697113037
38,2.2070343494415283
39,2.2086830139160156
