ID,平均价
0,65.5
1,65.5
2,65.5
3,65.5
4,65.5
5,65.5
6,65.5
7,65.5
8,65.5
9,65.5
10,65.5
11,65.5
12,65.5
13,65.5
14,65.5
15,65.5
16,65.5
17,65.5
18,65.5
19,65.5
20,65.5
21,65.5
22,65.5
23,65.5
24,65.5
25,65.5
26,65.5
27,65.5
28,65.5
29,65.5
30,65.5
31,65.5
32,65.5
33,68.78688049316406
34,68.6855239868164
35,68.58416748046875
36,68.4828109741211
37,68.38145446777344
38,68.28009796142578
39,68.17874908447266
