ID,平均价
0,12.5
1,12.5
2,12.5
3,12.5
4,12.5
5,12.5
6,12.5
7,12.5
8,12.5
9,12.5
10,12.5
11,12.5
12,12.5
13,12.5
14,12.5
15,12.0
16,11.5
17,11.5
18,11.5
19,11.5
20,11.5
21,11.5
22,11.5
23,11.5
24,11.5
25,11.0
26,11.0
27,11.0
28,11.0
29,11.0
30,11.0
31,11.0
32,11.0
33,-3.6383652687072754
34,-4.327000617980957
35,-5.015637397766113
36,-5.7042741775512695
37,-6.392913818359375
38,-7.081548690795898
39,-7.770184516906738
