ID,平均价
0,5.25
1,5.25
2,4.75
3,4.75
4,4.75
5,4.75
6,5.75
7,5.75
8,5.75
9,5.75
10,6.25
11,6.25
12,5.5
13,5.5
14,5.25
15,5.25
16,5.25
17,5.25
18,5.25
19,4.5
20,4.25
21,3.75
22,3.75
23,4.25
24,4.5
25,5.25
26,4.75
27,5.25
28,5.75
29,5.75
30,5.75
31,5.75
32,5.5
33,5.5
34,-10.90919303894043
35,-11.415098190307617
36,-11.921009063720703
37,-12.42397403717041
38,-12.92651653289795
39,-13.429061889648438
40,-13.931604385375977
