ID,平均价
0,12.5
1,16.5
2,15.5
3,15.5
4,15.5
5,15.5
6,17.5
7,14.5
8,13.5
9,13.5
10,13.5
11,13.5
12,14.0
13,14.0
14,13.5
15,12.5
16,11.5
17,11.5
18,12.5
19,13.5
20,13.5
21,12.5
22,11.5
23,11.5
24,9.5
25,10.5
26,9.5
27,9.5
28,11.5
29,11.5
30,12.5
31,13.5
32,17.5
33,17.0
34,7.681917190551758
35,7.571489334106445
36,7.461061477661133
37,7.35063362121582
38,7.240205764770508
39,7.129777431488037
40,7.019349575042725
