ID,平均价
0,9.5
1,9.5
2,8.5
3,10.5
4,12.5
5,12.5
6,13.5
7,15.5
8,16.0
9,16.0
10,15.0
11,15.0
12,14.5
13,14.5
14,14.5
15,13.5
16,12.5
17,11.5
18,11.5
19,16.5
20,19.5
21,18.5
22,18.5
23,17.5
24,17.5
25,13.5
26,15.25
27,13.5
28,9.5
29,12.5
30,12.5
31,14.5
32,14.5
33,13.5
34,27.32250213623047
35,27.935298919677734
36,28.548097610473633
37,29.16089630126953
38,29.77369499206543
39,30.385690689086914
40,30.997671127319336
