ID,平均价
0,3.3
1,3.3
2,3.3
3,3.3
4,3.3
5,3.3
6,3.3
7,3.3
8,3.3
9,3.3
10,3.3
11,3.3
12,3.3
13,3.15
14,3.15
15,3.15
16,3.15
17,3.15
18,3.15
19,3.15
20,3.15
21,3.15
22,3.0
23,3.0
24,3.0
25,3.0
26,3.0
27,3.3
28,3.3
29,3.3
30,3.3
31,3.3
32,3.3
33,-30.317245483398438
34,-31.432235717773438
35,-32.54722213745117
36,-33.66221237182617
37,-34.77720260620117
38,-35.89219284057617
39,-37.0071907043457
