ID,平均价
0,7.5
1,12.0
2,12.0
3,12.0
4,12.0
5,12.0
6,12.0
7,12.0
8,12.0
9,12.0
10,12.0
11,12.0
12,12.0
13,12.0
14,12.0
15,12.0
16,12.0
17,12.0
18,12.0
19,12.0
20,12.0
21,12.0
22,12.0
23,12.0
24,12.0
25,12.0
26,12.0
27,13.0
28,13.0
29,13.0
30,13.0
31,13.0
32,13.0
33,14.973287582397461
34,15.108606338500977
35,15.243922233581543
36,15.379242897033691
37,15.514558792114258
38,15.649853706359863
39,15.78502082824707
