ID,平均价
0,3.25
1,3.25
2,3.25
3,3.25
4,3.25
5,3.25
6,3.25
7,3.25
8,3.25
9,3.25
10,3.25
11,3.25
12,3.25
13,3.25
14,3.25
15,3.25
16,3.25
17,3.25
18,3.25
19,3.25
20,3.25
21,3.25
22,3.25
23,3.25
24,3.25
25,3.25
26,3.25
27,3.25
28,3.25
29,3.25
30,3.25
31,3.25
32,3.25
33,3.948732852935791
34,3.9732186794281006
35,3.9977059364318848
36,4.022192478179932
37,4.046679496765137
38,4.071166515350342
39,4.0956525802612305
