ID,平均价
0,6.75
1,6.75
2,6.75
3,6.75
4,6.75
5,6.75
6,6.5
7,6.5
8,6.5
9,6.5
10,6.5
11,6.5
12,6.5
13,7.3
14,7.3
15,7.3
16,7.3
17,7.3
18,7.3
19,7.3
20,7.3
21,7.3
22,7.3
23,7.3
24,7.3
25,7.3
26,7.3
27,7.5
28,7.5
29,7.5
30,7.5
31,7.5
32,7.5
33,42.97940444946289
34,44.36018753051758
35,45.740970611572266
36,47.12174987792969
37,48.50253677368164
38,49.88331985473633
39,51.264102935791016
