ID,平均价
0,77.75
1,77.75
2,77.75
3,77.75
4,77.75
5,77.75
6,77.75
7,77.75
8,77.75
9,77.75
10,77.75
11,77.75
12,77.75
13,77.75
14,77.75
15,77.75
16,77.75
17,77.75
18,77.75
19,77.75
20,77.75
21,77.75
22,77.75
23,77.75
24,77.75
25,77.75
26,77.75
27,77.75
28,77.75
29,77.75
30,77.75
31,77.75
32,77.75
33,74.57063293457031
34,74.64173889160156
35,74.71284484863281
36,74.7839584350586
37,74.85506439208984
38,74.9261703491211
39,74.99728393554688
