ID,平均价
0,55.0
1,55.0
2,55.0
3,55.0
4,55.0
5,55.0
6,55.0
7,55.0
8,55.0
9,52.5
10,52.5
11,52.5
12,52.5
13,52.5
14,52.5
15,52.5
16,52.5
17,52.5
18,52.5
19,52.5
20,52.5
21,52.5
22,52.5
23,52.5
24,52.5
25,52.5
26,52.5
27,52.5
28,52.5
29,52.5
30,52.5
31,52.5
32,52.5
33,56.08340835571289
34,55.97687530517578
35,55.87034606933594
36,55.763816833496094
37,55.65728759765625
38,55.550758361816406
39,55.44929885864258
