ID,平均价
0,1.99
1,1.95
2,1.95
3,1.95
4,1.97
5,1.97
6,1.97
7,1.97
8,1.95
9,1.95
10,1.95
11,1.95
12,1.95
13,1.91
14,1.87
15,1.91
16,1.91
17,1.91
18,1.91
19,1.91
20,1.99
21,2.03
22,1.82
23,1.87
24,1.91
25,1.91
26,1.91
27,1.96
28,1.96
29,2.07
30,2.07
31,2.07
32,2.07
33,-3.580754518508911
34,-3.7558043003082275
35,-3.930854082107544
36,-4.105904579162598
37,-4.280954360961914
38,-4.456004619598389
39,-4.631054401397705
