ID,平均价
0,10.5
1,10.5
2,10.5
3,9.5
4,9.5
5,9.5
6,9.5
7,9.5
8,10.5
9,10.5
10,10.5
11,8.5
12,8.5
13,7.5
14,7.5
15,7.5
16,8.5
17,9.5
18,9.5
19,10.5
20,11.5
21,12.5
22,13.5
23,14.5
24,14.5
25,15.5
26,10.5
27,10.5
28,11.5
29,11.5
30,12.5
31,12.5
32,13.5
33,13.5
34,41.10752487182617
35,42.477352142333984
36,43.84718322753906
37,45.217018127441406
38,46.586849212646484
39,47.9566764831543
40,49.326507568359375
