ID,平均价
0,3.8
1,3.8
2,3.8
3,3.8
4,3.8
5,3.8
6,3.8
7,3.8
8,3.8
9,3.8
10,3.8
11,3.8
12,3.8
13,3.75
14,3.75
15,3.75
16,3.75
17,3.6
18,3.6
19,3.6
20,3.6
21,3.6
22,3.6
23,3.6
24,3.6
25,3.6
26,3.6
27,3.55
28,3.55
29,3.55
30,3.45
31,3.45
32,3.45
33,1.9117885828018188
34,1.857772707939148
35,1.8037570714950562
36,1.7497411966323853
37,1.6957237720489502
38,1.6417086124420166
39,1.5876916646957397
