ID,平均价
0,12.5
1,14.5
2,13.5
3,14.5
4,15.5
5,15.5
6,16.5
7,15.5
8,14.5
9,14.5
10,13.5
11,13.5
12,13.5
13,12.5
14,10.5
15,10.5
16,10.5
17,11.5
18,12.5
19,13.5
20,13.5
21,12.5
22,11.5
23,10.5
24,10.5
25,10.5
26,10.5
27,12.5
28,13.5
29,13.5
30,23.5
31,14.5
32,22.5
33,18.5
34,7.487296104431152
35,7.279580116271973
36,7.071864604949951
37,6.864149570465088
38,6.649059295654297
39,6.4302449226379395
40,6.211430549621582
