ID,平均价
0,8.75
1,8.75
2,8.75
3,8.75
4,8.75
5,8.75
6,8.75
7,8.75
8,8.75
9,9.0
10,9.0
11,9.0
12,9.0
13,9.0
14,9.0
15,9.0
16,9.0
17,9.0
18,9.0
19,9.0
20,9.0
21,9.0
22,9.0
23,9.0
24,9.0
25,9.0
26,9.0
27,9.0
28,9.0
29,9.0
30,9.0
31,9.0
32,9.0
33,33.72844696044922
34,34.75422286987305
35,35.780006408691406
36,36.8057861328125
37,37.831565856933594
38,38.85734176635742
39,39.88311767578125
