ID,平均价
0,3.05
1,3.05
2,3.05
3,3.05
4,3.05
5,3.05
6,3.05
7,3.05
8,3.05
9,3.05
10,3.05
11,3.05
12,3.05
13,3.05
14,3.05
15,3.05
16,3.05
17,3.05
18,3.05
19,3.05
20,3.05
21,3.05
22,3.05
23,3.05
24,3.05
25,3.05
26,3.05
27,3.05
28,3.05
29,3.05
30,3.05
31,3.05
32,3.05
33,3.029359817504883
34,3.0287272930145264
35,3.02809476852417
36,3.0274620056152344
37,3.026829242706299
38,3.0261967182159424
39,3.025563955307007
