ID,平均价
0,7.75
1,7.75
2,7.75
3,7.75
4,7.75
5,7.75
6,7.75
7,7.75
8,5.85
9,5.85
10,7.75
11,7.75
12,7.75
13,7.75
14,7.75
15,7.75
16,7.75
17,7.75
18,7.75
19,7.75
20,7.75
21,7.75
22,7.75
23,7.75
24,7.75
25,9.5
26,9.5
27,9.5
28,9.5
29,9.5
30,9.5
31,9.5
32,9.5
33,15.892049789428711
34,16.210424423217773
35,16.528797149658203
36,16.847171783447266
37,17.165546417236328
38,17.48392105102539
39,17.802295684814453
