ID,平均价
0,1.98
1,1.93
2,1.93
3,1.93
4,1.93
5,1.93
6,1.93
7,1.93
8,1.91
9,1.91
10,1.91
11,1.91
12,1.9
13,1.84
14,1.74
15,1.91
16,1.91
17,1.91
18,1.91
19,1.91
20,1.97
21,2.0
22,1.84
23,1.88
24,1.91
25,1.94
26,1.94
27,1.94
28,1.98
29,2.03
30,2.03
31,2.03
32,2.03
33,0.27003225684165955
34,0.2183995246887207
35,0.16676640510559082
36,0.11513202637434006
37,0.06349765509366989
38,0.0118648000061512
39,-0.039768606424331665
