ID,平均价
0,2.5
1,2.5
2,2.5
3,2.5
4,2.5
5,2.5
6,2.5
7,2.5
8,2.5
9,2.5
10,2.5
11,2.5
12,2.5
13,2.5
14,2.5
15,2.5
16,2.5
17,2.5
18,2.5
19,2.5
20,2.5
21,2.5
22,2.5
23,2.5
24,2.5
25,2.5
26,2.5
27,2.5
28,2.5
29,2.5
30,2.5
31,2.5
32,2.5
33,2.259394645690918
34,2.2512080669403076
35,2.2430195808410645
36,2.2348339557647705
37,2.226646661758423
38,2.218459367752075
39,2.2102720737457275
