ID,平均价
0,2.95
1,2.95
2,2.95
3,2.95
4,2.95
5,2.95
6,2.95
7,2.95
8,2.95
9,2.95
10,2.95
11,2.95
12,2.95
13,2.95
14,2.95
15,2.95
16,2.95
17,2.95
18,2.95
19,2.95
20,2.95
21,2.95
22,2.95
23,2.95
24,2.95
25,2.95
26,2.95
27,2.95
28,2.95
29,2.95
30,2.95
31,2.95
32,2.95
33,2.547590732574463
34,2.533574104309082
35,2.519557237625122
36,2.5055413246154785
37,2.4915249347686768
38,2.477508306503296
39,2.4634921550750732
