ID,平均价
0,48.0
1,48.0
2,48.0
3,48.75
4,48.75
5,48.75
6,48.75
7,48.75
8,48.0
9,48.0
10,48.0
11,48.0
12,48.0
13,47.0
14,47.0
15,46.0
16,46.75
17,46.75
18,46.75
19,46.75
20,46.88
21,47.5
22,49.5
23,50.0
24,50.0
25,53.75
26,53.75
27,54.13
28,54.13
29,54.75
30,55.5
31,57.5
32,57.5
33,49.0711669921875
34,49.00575637817383
35,48.94034957885742
36,48.87494659423828
37,48.80953598022461
38,48.7441291809082
39,48.67871856689453
