ID,平均价
0,2.8
1,2.8
2,2.8
3,2.8
4,2.8
5,2.8
6,2.8
7,2.8
8,2.8
9,2.8
10,2.8
11,2.8
12,2.8
13,2.8
14,2.8
15,2.8
16,2.8
17,2.8
18,2.8
19,2.8
20,2.8
21,2.8
22,2.8
23,2.8
24,2.8
25,2.8
26,2.8
27,3.0
28,3.0
29,3.0
30,3.0
31,3.0
32,3.0
33,2.8419859409332275
34,2.843392848968506
35,2.8448004722595215
36,2.8462073802948
37,2.8476152420043945
38,2.84902286529541
39,2.8504292964935303
