ID,平均价
0,230.5
1,230.5
2,229.5
3,209.5
4,209.5
5,209.5
6,200.5
7,200.5
8,200.5
9,200.5
10,190.5
11,180.5
12,180.5
13,170.5
14,160.5
15,115.5
16,110.5
17,109.5
18,109.5
19,109.5
20,109.5
21,109.5
22,109.5
23,109.5
24,105.25
25,105.25
26,94.5
27,94.5
28,92.5
29,92.5
30,95.5
31,95.5
32,89.5
33,60.5
34,205.1358184814453
35,205.96621704101562
36,206.79661560058594
37,207.62701416015625
38,208.4573974609375
39,209.2787628173828
40,210.078125
