ID,平均价
0,6.5
1,5.75
2,5.75
3,5.75
4,5.75
5,6.75
6,5.25
7,5.25
8,5.25
9,5.25
10,5.25
11,5.25
12,5.25
13,5.25
14,5.25
15,5.25
16,5.25
17,5.25
18,5.25
19,5.25
20,5.25
21,5.25
22,5.25
23,5.25
24,5.25
25,7.5
26,7.5
27,8.5
28,8.5
29,8.5
30,5.5
31,5.5
32,5.5
33,11.811073303222656
34,12.050216674804688
35,12.289358139038086
36,12.5285005569458
37,12.767643928527832
38,13.00678825378418
39,13.245927810668945
