ID,平均价
0,21.0
1,21.0
2,21.0
3,21.0
4,21.0
5,21.0
6,21.0
7,21.0
8,21.0
9,20.5
10,20.5
11,20.5
12,20.5
13,20.5
14,20.5
15,20.5
16,20.5
17,20.5
18,20.5
19,20.5
20,20.5
21,20.5
22,20.5
23,20.5
24,20.5
25,20.25
26,20.0
27,20.0
28,20.0
29,20.0
30,17.5
31,17.5
32,17.5
33,20.111812591552734
34,20.140810012817383
35,20.173057556152344
36,20.225156784057617
37,20.27725601196289
38,20.32935333251953
39,20.381452560424805
