ID,平均价
0,5.7
1,5.7
2,5.7
3,5.7
4,5.7
5,5.7
6,5.7
7,5.7
8,5.7
9,5.7
10,5.7
11,5.7
12,5.75
13,5.75
14,5.75
15,5.75
16,5.75
17,5.75
18,6.0
19,6.0
20,6.0
21,6.5
22,6.5
23,6.5
24,6.5
25,6.5
26,6.5
27,6.5
28,6.5
29,6.5
30,6.5
31,6.5
32,6.5
33,70.79669952392578
34,73.20344543457031
35,75.61018371582031
36,78.01692962646484
37,80.42366790771484
38,82.8304214477539
39,85.2371597290039
