ID,平均价
0,123.5
1,123.5
2,123.5
3,123.5
4,123.5
5,123.5
6,123.5
7,123.5
8,123.5
9,123.5
10,123.5
11,123.5
12,123.5
13,123.5
14,123.5
15,123.5
16,123.5
17,123.5
18,123.5
19,123.5
20,123.5
21,123.5
22,123.5
23,123.5
24,123.5
25,129.0
26,129.0
27,129.0
28,129.0
29,129.0
30,129.0
31,129.0
32,129.0
33,121.62548828125
34,121.64337921142578
35,121.66127014160156
36,121.67916107177734
37,121.6970443725586
38,121.7149429321289
39,121.73282623291016
