ID,平均价
0,13.25
1,13.25
2,13.25
3,13.25
4,13.25
5,10.75
6,10.75
7,10.75
8,10.75
9,10.5
10,10.5
11,10.5
12,10.5
13,10.5
14,10.5
15,11.0
16,11.0
17,11.0
18,11.0
19,11.0
20,11.0
21,11.0
22,11.0
23,11.0
24,10.5
25,10.5
26,10.5
27,10.5
28,10.5
29,10.5
30,10.0
31,10.0
32,10.0
33,7.993238925933838
34,7.872219562530518
35,7.751199722290039
36,7.630179405212402
37,7.50916051864624
38,7.38814115524292
39,7.267122745513916
