ID,平均价
0,1.92
1,1.89
2,1.89
3,1.89
4,1.89
5,1.89
6,1.89
7,1.87
8,1.87
9,1.87
10,1.87
11,1.87
12,1.8
13,1.78
14,1.81
15,1.81
16,1.81
17,1.81
18,1.81
19,1.81
20,1.91
21,1.94
22,1.74
23,1.79
24,1.84
25,1.87
26,1.87
27,1.87
28,1.94
29,2.35
30,2.35
31,2.35
32,2.35
33,0.8958112001419067
34,0.8656780123710632
35,0.835544764995575
36,0.8054103255271912
37,0.7752978205680847
38,0.745214581489563
39,0.7151309847831726
