ID,平均价
0,21.0
1,21.0
2,21.0
3,21.0
4,21.0
5,21.0
6,21.0
7,21.0
8,21.0
9,21.0
10,21.0
11,21.0
12,21.0
13,21.0
14,21.0
15,21.0
16,21.0
17,21.0
18,21.0
19,21.0
20,21.0
21,21.0
22,21.0
23,21.0
24,21.0
25,21.5
26,21.5
27,21.5
28,21.5
29,21.5
30,21.5
31,21.5
32,21.5
33,25.348346710205078
34,25.71189308166504
35,26.075441360473633
36,26.438987731933594
37,26.802536010742188
38,27.16608428955078
39,27.529632568359375
