ID,平均价
0,72.5
1,72.5
2,72.5
3,72.5
4,72.5
5,72.5
6,72.5
7,72.5
8,72.5
9,72.5
10,72.5
11,72.5
12,72.5
13,72.5
14,74.0
15,74.0
16,74.0
17,74.0
18,74.0
19,74.0
20,74.0
21,74.0
22,74.0
23,74.0
24,74.0
25,79.0
26,79.0
27,79.0
28,79.0
29,79.0
30,79.0
31,79.0
32,79.0
33,69.43289947509766
34,69.50595092773438
35,69.57899475097656
36,69.65204620361328
37,69.72509002685547
38,69.79814147949219
39,69.87118530273438
