ID,平均价
0,4.0
1,4.0
2,4.0
3,4.0
4,4.0
5,4.0
6,4.0
7,4.0
8,4.0
9,4.0
10,4.0
11,4.0
12,4.0
13,4.0
14,4.0
15,4.0
16,4.0
17,4.0
18,4.0
19,4.0
20,4.0
21,4.0
22,4.0
23,4.0
24,4.0
25,3.75
26,3.75
27,3.75
28,3.75
29,3.75
30,3.75
31,3.75
32,3.75
33,5.456791877746582
34,5.512019157409668
35,5.567246437072754
36,5.622474193572998
37,5.677701950073242
38,5.732929229736328
39,5.788156509399414
