ID,平均价
0,8.25
1,8.25
2,8.25
3,8.25
4,8.25
5,8.25
6,8.25
7,8.25
8,8.25
9,8.25
10,8.25
11,8.0
12,8.0
13,8.0
14,8.0
15,8.0
16,8.0
17,8.0
18,8.0
19,8.0
20,8.0
21,8.0
22,7.5
23,7.5
24,7.5
25,7.5
26,7.5
27,7.5
28,7.5
29,7.5
30,7.5
31,7.5
32,7.5
33,-9.380935668945312
34,-10.053461074829102
35,-10.725992202758789
36,-11.398517608642578
37,-12.071044921875
38,-12.743574142456055
39,-13.416099548339844
