ID,平均价
0,2.75
1,2.75
2,2.75
3,2.75
4,2.75
5,2.75
6,2.75
7,2.75
8,2.75
9,2.75
10,2.75
11,2.75
12,2.75
13,2.75
14,2.75
15,2.75
16,2.75
17,2.75
18,2.75
19,2.75
20,2.75
21,2.75
22,2.75
23,2.75
24,2.75
25,2.75
26,2.75
27,2.75
28,2.75
29,2.75
30,2.75
31,2.75
32,2.75
33,3.6391847133636475
34,3.6698005199432373
35,3.700418710708618
36,3.73103404045105
37,3.761650562286377
38,3.792269229888916
39,3.8228864669799805
