ID,平均价
0,60.0
1,60.0
2,65.0
3,72.5
4,72.5
5,120.0
6,165.0
7,66.5
8,66.5
9,53.0
10,53.0
11,50.0
12,51.5
13,40.5
14,40.5
15,39.0
16,35.5
17,97.5
18,97.5
19,97.5
20,34.0
21,34.0
22,73.74993133544922
23,73.95502471923828
24,74.16011047363281
25,74.36518859863281
26,74.57542419433594
27,74.79798126220703
28,75.02066040039062
