ID,平均价
0,4.95
1,4.95
2,4.95
3,4.95
4,4.95
5,4.95
6,4.95
7,4.95
8,4.95
9,4.95
10,4.95
11,4.95
12,4.95
13,4.95
14,4.95
15,4.95
16,4.95
17,4.85
18,4.85
19,4.85
20,4.85
21,4.85
22,4.85
23,4.85
24,4.85
25,4.85
26,4.85
27,4.85
28,4.85
29,4.85
30,4.85
31,4.85
32,4.85
33,-24.62795066833496
34,-25.677087783813477
35,-26.72622299194336
36,-27.77536392211914
37,-28.82449722290039
38,-29.87363624572754
39,-30.922771453857422
