ID,平均价
0,31.0
1,25.5
2,25.5
3,21.5
4,22.5
5,22.5
6,22.5
7,22.5
8,22.5
9,22.5
10,22.5
11,21.0
12,19.5
13,16.5
14,16.5
15,16.5
16,16.5
17,16.5
18,16.5
19,16.5
20,17.35
21,17.35
22,17.35
23,17.35
24,11.5
25,11.5
26,11.5
27,11.5
28,13.5
29,14.53408432006836
30,14.084190368652344
31,13.634298324584961
32,13.189360618591309
33,12.809218406677246
34,12.429075241088867
35,12.048933029174805
