ID,平均价
0,11.5
1,11.5
2,10.5
3,10.5
4,10.5
5,10.5
6,10.5
7,10.5
8,10.5
9,10.5
10,10.5
11,10.5
12,10.5
13,10.5
14,10.5
15,10.5
16,10.5
17,10.5
18,10.5
19,10.5
20,10.5
21,10.5
22,10.5
23,10.5
24,10.5
25,10.5
26,10.5
27,10.5
28,10.5
29,10.5
30,10.5
31,10.5
32,10.5
33,11.476286888122559
34,11.518589973449707
35,11.560896873474121
36,11.603196144104004
37,11.645503044128418
38,11.6878080368042
39,11.730107307434082
