ID,平均价
0,12.25
1,12.25
2,12.25
3,10.1
4,10.1
5,10.1
6,10.1
7,10.1
8,10.1
9,10.1
10,10.1
11,10.1
12,10.1
13,9.5
14,9.5
15,9.5
16,8.5
17,8.5
18,8.5
19,8.5
20,8.0
21,8.0
22,8.0
23,8.0
24,10.0
25,11.25
26,12.0
27,12.5
28,14.0
29,14.0
30,14.0
31,10.5
32,10.5
33,5.434639930725098
34,5.2946038246154785
35,5.154567718505859
36,5.01453161239624
37,4.874495983123779
38,4.7344584465026855
39,4.595643043518066
