ID,平均价
0,47.5
1,47.5
2,47.5
3,47.5
4,47.5
5,47.5
6,47.5
7,47.5
8,47.5
9,47.5
10,47.5
11,47.5
12,47.5
13,46.5
14,46.5
15,46.0
16,46.88
17,46.88
18,46.88
19,46.88
20,46.88
21,48.0
22,52.25
23,52.5
24,52.5
25,53.5
26,53.5
27,53.75
28,53.75
29,54.5
30,55.38
31,56.75
32,56.75
33,47.58457946777344
34,47.499183654785156
35,47.41372299194336
36,47.32825469970703
37,47.24344253540039
38,47.24557876586914
39,47.24684524536133
