ID,平均价
0,13.5
1,13.5
2,12.5
3,12.5
4,12.5
5,12.5
6,13.5
7,13.5
8,13.5
9,13.5
10,13.5
11,13.5
12,13.5
13,13.5
14,13.5
15,13.5
16,13.5
17,11.0
18,10.5
19,11.5
20,11.5
21,11.5
22,12.5
23,12.5
24,11.5
25,11.5
26,11.5
27,12.5
28,13.5
29,14.5
30,14.5
31,14.5
32,17.5
33,15.5
34,2.558534860610962
35,2.093438148498535
36,1.6406733989715576
37,1.1879085302352905
38,0.7447049617767334
39,0.3068845272064209
40,-0.1309342384338379
