ID,平均价
0,18.5
1,23.5
2,23.5
3,24.5
4,22.5
5,17.5
6,17.5
7,16.5
8,15.5
9,15.5
10,15.5
11,15.5
12,15.5
13,15.5
14,14.5
15,15.5
16,14.5
17,16.5
18,16.5
19,16.25
20,15.5
21,15.5
22,14.5
23,14.5
24,14.5
25,15.5
26,12.5
27,12.5
28,13.5
29,19.5
30,20.5
31,24.0
32,22.0
33,18.5
34,10.07597541809082
35,9.745756149291992
36,9.419269561767578
37,9.099725723266602
38,8.780182838439941
39,8.468009948730469
40,8.180259704589844
