ID,平均价
0,3.25
1,3.25
2,3.25
3,3.25
4,3.25
5,3.25
6,3.25
7,3.25
8,3.25
9,3.25
10,3.25
11,3.25
12,3.25
13,3.25
14,3.25
15,3.25
16,3.25
17,3.25
18,3.25
19,3.25
20,3.25
21,3.25
22,3.25
23,3.25
24,3.25
25,3.25
26,3.25
27,3.0
28,3.0
29,3.0
30,3.0
31,3.0
32,3.0
33,8.970741271972656
34,9.163034439086914
35,9.355329513549805
36,9.547624588012695
37,9.73991584777832
38,9.932209014892578
39,10.124502182006836
