ID,平均价
0,64.0
1,64.0
2,64.0
3,64.0
4,64.0
5,64.0
6,64.0
7,64.0
8,64.0
9,64.0
10,64.0
11,64.0
12,64.0
13,64.0
14,67.5
15,67.5
16,67.5
17,67.5
18,67.5
19,67.5
20,67.5
21,67.5
22,67.5
23,67.5
24,67.5
25,68.5
26,68.5
27,68.5
28,68.5
29,68.5
30,68.5
31,68.5
32,68.5
33,57.6251220703125
34,57.82674026489258
35,58.028358459472656
36,58.229976654052734
37,58.43159866333008
38,58.63321304321289
39,58.834835052490234
