ID,平均价
0,22.5
1,22.5
2,22.5
3,22.5
4,22.5
5,22.5
6,22.5
7,22.5
8,22.5
9,22.5
10,22.5
11,22.5
12,22.5
13,22.5
14,22.5
15,22.5
16,22.5
17,22.5
18,22.5
19,22.5
20,22.5
21,22.5
22,22.5
23,22.5
24,22.5
25,22.5
26,22.5
27,22.5
28,22.5
29,22.5
30,22.5
31,22.5
32,22.5
33,21.552467346191406
34,21.4531307220459
35,21.35379409790039
36,21.25445556640625
37,21.155118942260742
38,21.055782318115234
39,20.956443786621094
