ID,平均价
0,2.22
1,2.22
2,2.22
3,2.22
4,2.22
5,2.22
6,2.22
7,2.22
8,2.22
9,2.22
10,2.22
11,2.22
12,2.22
13,2.22
14,2.22
15,2.22
16,2.22
17,2.22
18,2.22
19,2.22
20,2.22
21,2.22
22,2.22
23,2.22
24,2.22
25,2.22
26,2.22
27,2.22
28,2.22
29,2.22
30,2.22
31,2.22
32,2.22
33,2.2361655235290527
34,2.236711263656616
35,2.237257719039917
36,2.2378039360046387
37,2.2383506298065186
38,2.2388968467712402
39,2.2394423484802246
