ID,平均价
0,13.5
1,13.5
2,13.5
3,13.5
4,13.5
5,13.5
6,13.5
7,13.5
8,14.5
9,14.0
10,14.0
11,14.0
12,14.0
13,14.0
14,14.0
15,14.0
16,14.0
17,14.0
18,14.0
19,14.0
20,14.0
21,14.0
22,14.0
23,14.0
24,14.0
25,14.0
26,14.0
27,14.0
28,14.0
29,14.0
30,13.5
31,13.5
32,13.5
33,15.288668632507324
34,15.36050033569336
35,15.432333946228027
36,15.50416374206543
37,15.575996398925781
38,15.647825241088867
39,15.719657897949219
