ID,平均价
0,5.25
1,5.25
2,5.25
3,5.25
4,5.25
5,5.25
6,5.25
7,5.25
8,5.25
9,5.25
10,5.25
11,5.25
12,5.25
13,5.25
14,5.25
15,5.25
16,5.25
17,5.25
18,5.25
19,5.25
20,5.25
21,5.25
22,5.25
23,5.25
24,5.25
25,5.25
26,5.0
27,5.0
28,5.0
29,5.0
30,5.0
31,5.0
32,5.0
33,7.498051166534424
34,7.581732749938965
35,7.665412902832031
36,7.749094009399414
37,7.832774639129639
38,7.916454792022705
39,8.000134468078613
