ID,平均价
0,12.5
1,12.5
2,10.5
3,10.5
4,10.5
5,10.5
6,12.5
7,13.5
8,14.5
9,14.5
10,14.5
11,9.0
12,9.0
13,9.0
14,8.5
15,8.5
16,8.5
17,8.5
18,8.5
19,8.5
20,8.5
21,9.5
22,9.5
23,9.5
24,9.5
25,10.5
26,7.75
27,13.5
28,18.5
29,21.5
30,25.5
31,24.5
32,22.5
33,11.0
34,6.276562690734863
35,6.109818935394287
36,5.943580150604248
37,5.778508186340332
38,5.613436222076416
39,5.448365211486816
40,5.283068656921387
