ID,平均价
0,2.7
1,2.7
2,2.7
3,2.7
4,2.7
5,2.7
6,2.6
7,2.6
8,2.6
9,2.6
10,2.6
11,2.6
12,2.6
13,2.6
14,2.6
15,2.6
16,2.6
17,2.45
18,2.45
19,2.45
20,2.45
21,2.45
22,2.45
23,-4.483506679534912
24,-4.827697277069092
25,-5.1718878746032715
26,-5.516077995300293
27,-5.860268592834473
28,-6.204461097717285
29,-6.548649787902832
