ID,平均价
0,33.0
1,33.0
2,33.0
3,33.0
4,31.5
5,29.0
6,29.0
7,29.0
8,29.0
9,29.0
10,29.0
11,29.0
12,29.0
13,29.0
14,29.0
15,29.0
16,30.0
17,30.0
18,30.0
19,29.0
20,29.0
21,29.0
22,29.0
23,29.0
24,29.0
25,29.0
26,29.0
27,29.0
28,29.0
29,29.0
30,26.5
31,26.5
32,26.5
33,28.75786781311035
34,28.66754722595215
35,28.62379264831543
36,28.585098266601562
37,28.555532455444336
38,28.551570892333984
39,28.548166275024414
