ID,平均价
0,6.25
1,6.25
2,6.75
3,6.25
4,6.25
5,6.25
6,6.25
7,6.25
8,6.25
9,6.25
10,6.25
11,6.25
12,6.25
13,6.25
14,6.25
15,6.25
16,6.25
17,5.25
18,5.25
19,6.5
20,6.75
21,6.75
22,7.25
23,7.25
24,7.25
25,7.0
26,6.5
27,6.5
28,6.5
29,7.5
30,8.5
31,8.0
32,7.5
33,7.0
34,13.128747940063477
35,13.372058868408203
36,13.615372657775879
37,13.858684539794922
38,14.101997375488281
39,14.345308303833008
40,14.58862018585205
