ID,平均价
0,44.5
1,44.5
2,44.5
3,44.5
4,44.5
5,44.5
6,44.5
7,44.5
8,45.5
9,45.5
10,45.5
11,45.5
12,45.5
13,45.5
14,45.5
15,45.5
16,45.5
17,45.5
18,45.5
19,45.5
20,45.5
21,45.5
22,45.5
23,45.5
24,45.5
25,48.5
26,48.5
27,49.0
28,49.0
29,49.5
30,49.5
31,54.0
32,54.0
33,44.066707611083984
34,44.09501647949219
35,44.12331771850586
36,44.151790618896484
37,44.18061065673828
38,44.209434509277344
39,44.238250732421875
