ID,平均价
0,39.5
1,39.5
2,39.5
3,31.5
4,30.15
5,30.15
6,30.15
7,30.15
8,30.15
9,30.15
10,27.25
11,27.25
12,27.25
13,28.5
14,26.2
15,26.2
16,26.2
17,26.2
18,27.5
19,27.5
20,27.5
21,27.5
22,27.5
23,28.5
24,33.5
25,53.0
26,53.0
27,53.0
28,52.5
29,50.0
30,42.5
31,29.554222106933594
32,29.384830474853516
33,29.215438842773438
34,29.046049118041992
35,28.876657485961914
36,28.707265853881836
37,28.537874221801758
