ID,平均价
0,5.5
1,5.5
2,5.5
3,5.5
4,5.5
5,5.5
6,5.5
7,5.5
8,5.5
9,5.5
10,5.5
11,5.5
12,5.5
13,5.5
14,5.5
15,5.5
16,5.5
17,5.5
18,5.5
19,5.5
20,5.5
21,5.5
22,5.5
23,5.5
24,5.5
25,5.0
26,5.0
27,5.0
28,5.0
29,5.0
30,5.0
31,5.0
32,5.0
33,1.462860107421875
34,1.326225996017456
35,1.189589500427246
36,1.052969217300415
37,0.9167699813842773
38,0.7805695533752441
39,0.6443691253662109
