ID,平均价
0,15.5
1,15.5
2,14.5
3,14.5
4,14.5
5,12.5
6,13.5
7,13.5
8,13.5
9,13.5
10,14.5
11,11.5
12,11.5
13,10.5
14,10.5
15,10.5
16,8.5
17,9.5
18,10.5
19,15.5
20,28.5
21,25.5
22,34.5
23,35.5
24,40.5
25,28.5
26,28.5
27,34.5
28,34.5
29,25.5
30,25.5
31,18.5
32,17.5
33,15.5
34,33.04114532470703
35,34.499000549316406
36,35.954734802246094
37,37.40700912475586
38,38.85639190673828
39,40.30577850341797
40,41.749359130859375
