ID,平均价
0,5.25
1,5.5
2,10.5
3,7.0
4,7.5
5,7.5
6,7.5
7,6.5
8,6.5
9,3.65
10,4.9
11,5.0
12,5.0
13,4.9
14,4.9
15,4.9
16,4.9
17,4.9
18,4.9
19,4.9
20,5.0
21,8.0
22,8.0
23,8.0
24,8.75
25,8.75
26,8.75
27,8.75
28,8.75
29,8.75
30,8.75
31,10.0
32,10.0
33,17.3773193359375
34,17.809856414794922
35,18.242387771606445
36,18.674850463867188
37,19.107309341430664
38,19.53976821899414
39,19.972227096557617
