ID,平均价
0,35.0
1,35.0
2,35.0
3,35.0
4,34.0
5,34.0
6,34.0
7,34.0
8,34.0
9,34.0
10,34.0
11,34.0
12,34.0
13,34.0
14,34.0
15,34.0
16,34.0
17,34.0
18,34.0
19,34.0
20,34.0
21,34.0
22,34.0
23,34.0
24,34.0
25,34.0
26,34.0
27,34.0
28,34.0
29,34.0
30,34.0
31,34.0
32,33.0
33,34.903717041015625
34,34.0507926940918
35,33.9091796875
36,33.78749084472656
37,33.713924407958984
38,33.650272369384766
39,33.59263229370117
