ID,平均价
0,9.75
1,9.75
2,9.75
3,9.75
4,9.75
5,9.75
6,9.75
7,9.75
8,10.25
9,10.25
10,10.25
11,10.5
12,10.5
13,10.5
14,10.5
15,10.5
16,10.5
17,10.5
18,10.5
19,10.5
20,10.5
21,10.5
22,10.5
23,10.5
24,10.0
25,10.0
26,8.75
27,8.75
28,8.75
29,8.75
30,8.0
31,8.5
32,8.5
33,14.090097427368164
34,14.262493133544922
35,14.434890747070312
36,14.607285499572754
37,14.779682159423828
38,14.952077865600586
39,15.124473571777344
