ID,平均价
0,64.5
1,64.5
2,64.5
3,64.5
4,64.5
5,64.5
6,64.5
7,64.5
8,64.5
9,64.5
10,64.5
11,64.5
12,64.5
13,64.5
14,64.5
15,64.5
16,64.5
17,64.5
18,64.5
19,64.5
20,64.5
21,64.5
22,64.5
23,64.5
24,64.5
25,64.5
26,64.5
27,64.5
28,64.5
29,64.5
30,64.5
31,64.5
32,64.5
33,65.69013977050781
34,65.65218353271484
35,65.61421966552734
36,65.57625579833984
37,65.53829193115234
38,65.50032806396484
39,65.46236419677734
