ID,平均价
0,5.75
1,5.75
2,6.25
3,5.25
4,5.25
5,5.75
6,5.75
7,5.75
8,5.75
9,5.75
10,6.5
11,6.5
12,6.5
13,6.5
14,6.5
15,8.5
16,8.5
17,8.5
18,8.5
19,8.5
20,8.5
21,8.5
22,8.5
23,8.25
24,8.25
25,8.25
26,6.5
27,6.5
28,6.5
29,6.5
30,8.25
31,7.5
32,7.5
33,7.5
34,30.739675521850586
35,31.58846092224121
36,32.43724060058594
37,33.28602981567383
38,34.13481140136719
39,34.98359680175781
40,35.83237838745117
