ID,平均价
0,2.7
1,2.7
2,2.7
3,2.7
4,2.5
5,2.5
6,2.47
7,2.47
8,2.47
9,2.47
10,2.47
11,2.47
12,2.47
13,2.47
14,2.47
15,2.47
16,2.47
17,2.4
18,2.4
19,2.4
20,-10.406625747680664
21,-11.135746955871582
22,-11.864869117736816
23,-12.593989372253418
24,-13.323112487792969
25,-14.052233695983887
26,-14.781355857849121
