ID,平均价
0,4.43
1,4.43
2,4.43
3,4.43
4,4.43
5,4.43
6,4.43
7,4.43
8,4.43
9,4.43
10,4.43
11,4.43
12,4.43
13,4.43
14,4.43
15,4.43
16,4.43
17,4.4
18,4.4
19,4.4
20,5.937551021575928
21,6.034570217132568
22,6.131589889526367
23,6.228610515594482
24,6.3256306648254395
25,6.422651290893555
26,6.519670486450195
