ID,平均价
0,65.5
1,65.5
2,65.5
3,65.5
4,65.5
5,65.5
6,65.5
7,65.5
8,65.5
9,65.5
10,65.5
11,65.5
12,65.5
13,65.5
14,64.5
15,64.5
16,64.5
17,64.5
18,64.5
19,64.5
20,64.5
21,64.5
22,64.5
23,64.5
24,64.5
25,66.5
26,66.5
27,66.5
28,66.5
29,66.5
30,66.5
31,67.5
32,67.5
33,76.06491088867188
34,75.71186065673828
35,75.35881805419922
36,75.00577545166016
37,74.65272521972656
38,74.2996826171875
39,73.9466323852539
