ID,平均价
0,6.75
1,6.75
2,6.75
3,7.0
4,6.0
5,6.0
6,6.5
7,7.5
8,7.5
9,7.5
10,7.5
11,7.5
12,7.5
13,7.5
14,7.5
15,7.5
16,7.5
17,7.5
18,7.5
19,7.5
20,7.5
21,6.5
22,6.5
23,6.0
24,6.0
25,6.0
26,6.0
27,6.25
28,6.25
29,6.25
30,6.25
31,6.25
32,6.25
33,-31.041051864624023
34,-32.470672607421875
35,-33.90028762817383
36,-35.32989501953125
37,-36.75951385498047
38,-38.18913269042969
39,-39.618743896484375
