ID,平均价
0,13.5
1,13.5
2,13.5
3,13.5
4,13.5
5,13.5
6,13.5
7,13.5
8,13.5
9,13.5
10,13.5
11,13.5
12,13.5
13,13.5
14,13.5
15,13.5
16,13.5
17,13.5
18,13.5
19,13.5
20,13.5
21,13.5
22,13.5
23,13.5
24,13.5
25,13.5
26,13.5
27,13.5
28,13.5
29,13.5
30,13.5
31,13.5
32,13.5
33,13.533421516418457
34,13.535218238830566
35,13.537016868591309
36,13.538814544677734
37,13.54061222076416
38,13.54240894317627
39,13.544207572937012
