ID,平均价
0,7.25
1,7.25
2,7.75
3,7.25
4,7.25
5,6.75
6,6.75
7,7.5
8,7.5
9,7.5
10,7.5
11,7.5
12,7.5
13,7.5
14,7.5
15,8.5
16,7.5
17,8.5
18,8.5
19,8.5
20,8.5
21,8.5
22,8.25
23,8.25
24,8.25
25,8.25
26,7.5
27,7.5
28,7.5
29,8.5
30,9.5
31,8.5
32,8.5
33,7.5
34,21.106834411621094
35,21.610368728637695
36,22.113903045654297
37,22.6174373626709
38,23.1209716796875
39,23.62450408935547
40,24.128042221069336
