ID,平均价
0,9.15
1,9.0
2,9.0
3,9.0
4,9.0
5,9.0
6,9.0
7,9.0
8,8.9
9,8.9
10,8.9
11,8.9
12,9.3
13,10.35
14,10.35
15,10.35
16,11.5
17,14.0
18,13.75
19,13.75
20,13.0
21,13.0
22,13.0
23,13.0
24,13.0
25,13.0
26,13.0
27,13.0
28,13.0
29,13.0
30,12.5
31,12.5
32,12.5
33,44.67340850830078
34,46.19060516357422
35,47.707801818847656
36,49.224998474121094
37,50.742191314697266
38,52.25939178466797
39,53.77659225463867
