ID,平均价
0,5.5
1,5.5
2,4.75
3,4.5
4,4.5
5,4.5
6,5.5
7,5.5
8,5.5
9,5.5
10,7.5
11,7.5
12,7.5
13,6.5
14,6.5
15,6.5
16,5.75
17,5.75
18,5.75
19,5.75
20,5.75
21,5.25
22,5.25
23,5.25
24,5.25
25,5.25
26,5.25
27,5.25
28,5.25
29,5.25
30,5.75
31,5.75
32,6.25
33,5.5
34,-24.470073699951172
35,-25.556358337402344
36,-26.643051147460938
37,-27.729839324951172
38,-28.807085037231445
39,-29.88266944885254
40,-30.95825958251953
