ID,平均价
0,7.0
1,7.0
2,7.0
3,7.0
4,7.0
5,7.0
6,7.0
7,7.0
8,7.0
9,7.0
10,7.0
11,7.0
12,7.0
13,7.0
14,7.0
15,7.0
16,7.0
17,7.0
18,7.0
19,7.0
20,7.0
21,7.0
22,7.0
23,7.0
24,7.0
25,7.0
26,7.0
27,7.0
28,7.0
29,7.0
30,7.0
31,7.0
32,7.0
33,7.015395641326904
34,7.016108989715576
35,7.01682186126709
36,7.01753568649292
37,7.01824951171875
38,7.018962383270264
39,7.0196757316589355
