ID,平均价
0,4.75
1,4.75
2,5.25
3,5.25
4,5.25
5,5.25
6,5.25
7,4.5
8,4.25
9,4.25
10,4.25
11,4.5
12,4.5
13,4.5
14,4.75
15,5.25
16,5.25
17,4.75
18,4.75
19,4.75
20,4.75
21,5.25
22,5.25
23,5.25
24,5.25
25,5.25
26,4.75
27,4.75
28,4.75
29,4.75
30,5.25
31,5.25
32,5.25
33,4.75
34,17.53919219970703
35,17.97008514404297
36,18.400981903076172
37,18.831876754760742
38,19.26276969909668
39,19.69366455078125
40,20.124557495117188
