ID,平均价
0,40.5
1,40.5
2,35.5
3,39.5
4,39.5
5,39.5
6,35.5
7,45.5
8,40.5
9,40.5
10,42.5
11,37.5
12,35.5
13,30.5
14,28.5
15,25.5
16,25.5
17,21.5
18,24.5
19,23.5
20,22.5
21,19.5
22,16.0
23,15.5
24,15.5
25,15.5
26,15.5
27,20.5
28,25.5
29,30.5
30,30.5
31,91.0
32,117.5
33,117.5
34,79.5
35,57.5
36,40.11888885498047
37,40.12322235107422
38,40.10081100463867
39,39.9621696472168
40,39.684452056884766
41,39.08935546875
42,38.44123458862305
