ID,平均价
0,3.25
1,3.25
2,3.25
3,3.25
4,3.25
5,3.25
6,3.25
7,3.25
8,3.25
9,3.25
10,3.25
11,3.25
12,3.25
13,3.25
14,3.25
15,3.25
16,3.25
17,3.25
18,3.25
19,3.25
20,3.25
21,3.25
22,3.25
23,3.25
24,3.25
25,3.25
26,3.25
27,3.5
28,3.5
29,3.5
30,3.5
31,3.5
32,3.5
33,3.3677544593811035
34,3.3717305660247803
35,3.3757054805755615
36,3.37968111038208
37,3.3836562633514404
38,3.3876328468322754
39,3.391608238220215
