ID,平均价
0,5.95
1,5.95
2,5.95
3,5.95
4,5.95
5,5.95
6,5.95
7,5.95
8,5.95
9,5.95
10,5.95
11,5.95
12,5.95
13,5.95
14,5.95
15,5.95
16,5.95
17,5.95
18,5.95
19,5.95
20,5.95
21,5.95
22,5.95
23,5.95
24,5.95
25,5.95
26,5.95
27,5.95
28,6.177395820617676
29,6.187915802001953
30,6.198436260223389
31,6.208955764770508
32,6.219475269317627
33,6.229995250701904
34,6.240514278411865
