ID,平均价
0,2.95
1,2.95
2,2.95
3,2.95
4,2.95
5,2.95
6,2.95
7,2.95
8,2.95
9,2.95
10,2.95
11,2.95
12,2.95
13,2.95
14,2.95
15,2.95
16,2.95
17,2.83
18,2.83
19,2.83
20,2.83
21,2.83
22,2.83
23,8.811573028564453
24,9.103571891784668
25,9.395569801330566
26,9.687569618225098
27,9.979569435119629
28,10.271567344665527
29,10.563567161560059
