ID,平均价
0,13.5
1,13.5
2,12.5
3,11.5
4,11.5
5,10.5
6,10.5
7,9.5
8,12.5
9,12.5
10,13.5
11,13.5
12,13.5
13,18.5
14,30.5
15,32.5
16,33.5
17,39.5
18,38.5
19,35.5
20,30.5
21,26.5
22,22.5
23,18.5
24,18.5
25,21.5
26,16.5
27,20.5
28,23.5
29,27.5
30,18.5
31,18.5
32,19.0
33,19.0
34,21.43609046936035
35,20.821044921875
36,20.20599937438965
37,19.590953826904297
38,18.975908279418945
39,18.360858917236328
40,17.744394302368164
