ID,平均价
0,10.5
1,10.5
2,9.5
3,9.5
4,9.5
5,10.5
6,10.5
7,10.5
8,11.5
9,11.5
10,11.5
11,9.5
12,9.5
13,10.5
14,9.5
15,7.5
16,8.5
17,8.5
18,8.5
19,8.5
20,8.5
21,8.5
22,8.5
23,9.5
24,14.5
25,17.5
26,17.5
27,23.5
28,24.5
29,22.5
30,22.5
31,21.0
32,14.5
33,10.0
34,19.926753997802734
35,20.46279525756836
36,20.998838424682617
37,21.53487777709961
38,22.070919036865234
39,22.606956481933594
40,23.14299774169922
