ID,平均价
0,5.0
1,5.0
2,5.0
3,5.0
4,5.0
5,5.0
6,4.75
7,4.75
8,4.75
9,4.75
10,4.75
11,4.75
12,4.75
13,5.0
14,5.0
15,5.0
16,5.0
17,5.0
18,5.0
19,5.0
20,5.0
21,5.0
22,5.0
23,5.0
24,5.0
25,5.0
26,5.0
27,5.0
28,5.0
29,5.0
30,5.0
31,5.0
32,5.0
33,34.379825592041016
34,35.4260139465332
35,36.472206115722656
36,37.518394470214844
37,38.56458282470703
38,39.61077117919922
39,40.65695571899414
