ID,平均价
0,15.0
1,15.0
2,15.0
3,15.0
4,15.0
5,15.0
6,15.0
7,15.0
8,15.0
9,15.0
10,15.0
11,15.0
12,15.0
13,15.0
14,15.0
15,17.75
16,17.75
17,17.5
18,17.5
19,17.5
20,17.5
21,17.5
22,17.5
23,17.5
24,17.5
25,16.5
26,14.0
27,14.0
28,14.0
29,14.0
30,14.0
31,15.0
32,15.0
33,35.121063232421875
34,36.200836181640625
35,37.28061294555664
36,38.360389709472656
37,39.44015884399414
38,40.51994323730469
39,41.59971237182617
