ID,平均价
0,82.5
1,82.5
2,82.5
3,82.5
4,82.5
5,82.5
6,82.5
7,82.5
8,82.5
9,82.5
10,82.5
11,82.5
12,82.5
13,82.5
14,88.5
15,88.5
16,88.5
17,88.5
18,88.5
19,88.5
20,88.5
21,89.0
22,89.0
23,89.0
24,89.0
25,90.0
26,90.0
27,90.0
28,90.0
29,90.0
30,90.0
31,90.0
32,90.0
33,81.1334457397461
34,81.15010833740234
35,81.16675567626953
36,81.18341064453125
37,81.20006561279297
38,81.21672058105469
39,81.2333755493164
