ID,平均价
0,22.5
1,22.5
2,22.5
3,22.5
4,22.5
5,22.5
6,22.5
7,22.5
8,22.5
9,22.5
10,22.5
11,22.5
12,22.5
13,22.5
14,22.5
15,22.5
16,22.5
17,22.5
18,22.5
19,22.5
20,22.5
21,22.5
22,22.5
23,21.5
24,21.5
25,21.5
26,20.0
27,18.5
28,18.5
29,18.5
30,18.5
31,18.5
32,18.5
33,21.65369987487793
34,21.710134506225586
35,21.77532958984375
36,21.839265823364258
37,21.898969650268555
38,21.95867347717285
39,22.01837730407715
