ID,平均价
0,2.9
1,2.9
2,2.9
3,2.9
4,2.9
5,2.9
6,2.9
7,2.9
8,2.9
9,2.9
10,2.9
11,2.9
12,2.9
13,2.9
14,2.9
15,2.9
16,2.85
17,2.7
18,2.7
19,2.7
20,2.7
21,2.7
22,2.7
23,2.9
24,2.9
25,2.9
26,2.9
27,2.9
28,2.9
29,2.9
30,2.75
31,2.75
32,2.75
33,1.4016377925872803
34,1.357157588005066
35,1.3126764297485352
36,1.2681957483291626
37,1.2237142324447632
38,1.1792339086532593
39,1.1347527503967285
