ID,平均价
0,5.95
1,5.95
2,6.65
3,8.1
4,8.1
5,8.5
6,9.0
7,9.0
8,11.0
9,9.5
10,9.5
11,7.75
12,6.75
13,5.1
14,5.1
15,5.0
16,4.3
17,4.3
18,5.0
19,4.75
20,5.45
21,4.75
22,4.75
23,4.1
24,4.1
25,4.25
26,4.4
27,3.9
28,4.0
29,3.65
30,3.75
31,3.6
32,3.6
33,-17.60747528076172
34,-18.487829208374023
35,-19.368186950683594
36,-20.248544692993164
37,-21.128904342651367
38,-22.00926399230957
39,-22.889623641967773
