ID,平均价
0,14.0
1,14.0
2,14.0
3,14.0
4,14.0
5,14.0
6,14.0
7,14.0
8,14.0
9,13.5
10,13.5
11,13.5
12,13.5
13,13.5
14,13.5
15,13.5
16,13.5
17,13.5
18,13.5
19,13.5
20,13.5
21,13.5
22,13.5
23,13.5
24,13.5
25,13.5
26,13.5
27,13.5
28,13.5
29,13.5
30,13.5
31,13.5
32,13.5
33,8.459476470947266
34,8.200654983520508
35,7.941831111907959
36,7.68300724029541
37,7.424185276031494
38,7.1653618812561035
39,6.906541347503662
