ID,平均价
0,3.15
1,3.15
2,3.15
3,3.15
4,3.15
5,3.15
6,3.15
7,3.15
8,3.15
9,3.15
10,3.15
11,3.15
12,3.15
13,3.15
14,3.15
15,3.15
16,3.15
17,3.05
18,3.05
19,3.05
20,3.05
21,3.05
22,3.05
23,3.05
24,3.05
25,3.05
26,3.05
27,3.05
28,3.05
29,3.05
30,2.95
31,2.95
32,2.95
33,3.1058285236358643
34,3.1058285236358643
35,3.1058285236358643
36,3.1058285236358643
37,3.1058285236358643
38,3.1058285236358643
39,3.1058285236358643
