ID,平均价
0,64.0
1,64.0
2,64.0
3,64.0
4,64.0
5,64.0
6,64.0
7,64.0
8,64.0
9,64.0
10,64.0
11,64.0
12,64.0
13,64.0
14,64.0
15,64.0
16,64.0
17,64.0
18,64.0
19,64.0
20,64.0
21,64.0
22,64.0
23,66.0
24,66.0
25,67.0
26,67.0
27,67.0
28,67.0
29,67.0
30,68.5
31,68.5
32,68.5
33,66.48287200927734
34,66.48287200927734
35,66.48287200927734
36,66.48287200927734
37,66.48287200927734
38,66.48287200927734
39,66.48287200927734
