ID,平均价
0,7.0
1,7.0
2,7.0
3,6.5
4,6.5
5,6.5
6,6.5
7,5.75
8,5.75
9,5.75
10,5.75
11,5.75
12,5.75
13,5.75
14,5.75
15,5.75
16,5.75
17,5.75
18,5.75
19,5.75
20,5.75
21,5.75
22,5.75
23,5.75
24,5.75
25,5.75
26,5.75
27,5.75
28,5.75
29,5.75
30,5.75
31,5.75
32,5.75
33,5.776383876800537
34,5.776383876800537
35,5.776383876800537
36,5.776383876800537
37,5.776383876800537
38,5.776383876800537
39,5.776383876800537
