ID,平均价
0,33.0
1,33.0
2,33.0
3,33.0
4,31.5
5,29.0
6,29.0
7,29.0
8,29.0
9,29.0
10,29.0
11,29.0
12,29.0
13,29.0
14,29.0
15,29.0
16,30.0
17,30.0
18,30.0
19,29.0
20,29.0
21,29.0
22,29.0
23,29.0
24,29.0
25,29.0
26,29.0
27,29.0
28,29.0
29,29.0
30,26.5
31,26.5
32,26.5
33,29.071748733520508
34,29.071748733520508
35,29.071748733520508
36,29.071748733520508
37,29.071748733520508
38,29.071748733520508
39,29.071748733520508
