ID,平均价
0,47.5
1,47.5
2,47.5
3,47.5
4,48.0
5,48.0
6,48.0
7,48.0
8,48.0
9,47.5
10,47.5
11,47.5
12,47.5
13,47.5
14,47.5
15,47.5
16,47.5
17,47.5
18,47.5
19,47.5
20,47.5
21,47.5
22,47.5
23,47.5
24,47.5
25,46.5
26,46.5
27,46.5
28,46.5
29,46.5
30,46.5
31,46.5
32,46.5
33,47.008026123046875
34,47.008026123046875
35,47.008026123046875
36,47.008026123046875
37,47.008026123046875
38,47.008026123046875
39,47.008026123046875
