ID,平均价
0,93.0
1,93.0
2,93.0
3,93.0
4,93.0
5,93.0
6,93.0
7,93.0
8,93.0
9,93.0
10,93.0
11,93.0
12,93.0
13,94.5
14,94.5
15,94.5
16,94.5
17,94.5
18,94.5
19,94.5
20,94.5
21,94.5
22,94.5
23,94.5
24,94.0
25,94.0
26,94.0
27,94.0
28,94.0
29,94.0
30,94.0
31,95.5
32,95.5
33,94.00048828125
34,94.00048828125
35,94.00048828125
36,94.00048828125
37,94.00048828125
38,94.00048828125
39,94.00048828125
