ID,平均价
0,45.5
1,45.5
2,45.5
3,39.5
4,39.5
5,38.5
6,30.5
7,28.5
8,28.5
9,24.5
10,22.5
11,19.5
12,17.5
13,15.5
14,16.5
15,18.5
16,17.5
17,16.5
18,20.5
19,25.5
20,24.5
21,24.5
22,30.5
23,30.5
24,30.5
25,48.5
26,44.5
27,44.5
28,50.5
29,50.5
30,50.5
31,54.5
32,50.5
33,47.858985900878906
34,47.858985900878906
35,47.858985900878906
36,47.858985900878906
37,47.858985900878906
38,47.858985900878906
39,47.858985900878906
