ID,平均价
0,12.5
1,16.5
2,15.5
3,15.5
4,15.5
5,15.5
6,17.5
7,14.5
8,13.5
9,13.5
10,13.5
11,13.5
12,14.0
13,14.0
14,13.5
15,12.5
16,11.5
17,11.5
18,12.5
19,13.5
20,13.5
21,12.5
22,11.5
23,11.5
24,9.5
25,10.5
26,9.5
27,9.5
28,11.5
29,11.5
30,12.5
31,13.5
32,17.5
33,17.0
34,13.0546293258667
35,13.0546293258667
36,13.0546293258667
37,13.0546293258667
38,13.0546293258667
39,13.0546293258667
40,13.0546293258667
