ID,平均价
0,25.5
1,25.5
2,25.5
3,26.5
4,37.5
5,34.5
6,30.5
7,28.5
8,19.0
9,19.0
10,19.0
11,19.0
12,18.5
13,18.5
14,18.5
15,17.5
16,16.5
17,14.5
18,14.5
19,12.5
20,12.5
21,11.5
22,9.5
23,9.5
24,9.5
25,9.5
26,9.5
27,10.5
28,15.5
29,18.5
30,18.5
31,31.5
32,16.230676651000977
33,16.230676651000977
34,16.230676651000977
35,16.230676651000977
36,16.230676651000977
37,16.230676651000977
38,16.230676651000977
