ID,平均价
0,6.75
1,6.75
2,6.75
3,7.0
4,6.0
5,6.0
6,6.5
7,7.5
8,7.5
9,7.5
10,7.5
11,7.5
12,7.5
13,7.5
14,7.5
15,7.5
16,7.5
17,7.5
18,7.5
19,7.5
20,7.5
21,6.5
22,6.5
23,6.0
24,6.0
25,6.0
26,6.0
27,6.25
28,6.25
29,6.25
30,6.25
31,6.25
32,6.25
33,6.213419437408447
34,6.213419437408447
35,6.213419437408447
36,6.213419437408447
37,6.213419437408447
38,6.213419437408447
39,6.213419437408447
