ID,平均价
0,11.5
1,11.5
2,11.5
3,11.5
4,11.5
5,11.5
6,11.5
7,11.5
8,11.5
9,11.0
10,11.0
11,11.0
12,11.0
13,12.0
14,12.0
15,12.0
16,12.0
17,12.0
18,12.0
19,12.0
20,12.0
21,12.0
22,12.0
23,12.0
24,12.0
25,12.0
26,12.0
27,12.0
28,12.0
29,12.0
30,12.0
31,12.0
32,12.0
33,11.96151351928711
34,11.96151351928711
35,11.96151351928711
36,11.96151351928711
37,11.96151351928711
38,11.96151351928711
39,11.96151351928711
