ID,平均价
0,93.5
1,93.5
2,93.5
3,94.5
4,94.5
5,94.5
6,94.5
7,94.5
8,94.5
9,94.5
10,94.5
11,94.5
12,94.5
13,94.5
14,94.5
15,94.5
16,94.5
17,94.5
18,94.5
19,94.5
20,94.5
21,94.5
22,94.5
23,94.5
24,94.5
25,94.5
26,94.5
27,94.5
28,94.5
29,94.5
30,94.5
31,95.5
32,95.5
33,94.47822570800781
34,94.47822570800781
35,94.47822570800781
36,94.47822570800781
37,94.47822570800781
38,94.47822570800781
39,94.47822570800781
