ID,平均价
0,31.5
1,31.5
2,25.5
3,21.5
4,20.5
5,20.5
6,22.5
7,20.5
8,16.5
9,16.5
10,16.5
11,16.5
12,16.5
13,16.5
14,15.5
15,16.5
16,15.5
17,13.5
18,13.5
19,14.5
20,14.5
21,15.5
22,16.5
23,16.5
24,16.5
25,18.5
26,11.5
27,13.5
28,13.5
29,15.5
30,16.5
31,15.5
32,48.5
33,48.5
34,17.93478775024414
35,17.93478775024414
36,17.93478775024414
37,17.93478775024414
38,17.93478775024414
39,17.93478775024414
40,17.93478775024414
