ID,平均价
0,13.5
1,13.5
2,13.5
3,13.5
4,14.5
5,14.5
6,13.5
7,12.5
8,11.5
9,11.5
10,10.5
11,10.5
12,10.5
13,10.5
14,9.5
15,8.5
16,8.5
17,8.5
18,8.5
19,8.25
20,8.5
21,8.5
22,8.5
23,9.5
24,10.5
25,15.5
26,14.5
27,14.5
28,15.5
29,16.25
30,17.5
31,16.5
32,15.5
33,12.5
34,14.49484920501709
35,14.49484920501709
36,14.49484920501709
37,14.49484920501709
38,14.49484920501709
39,14.49484920501709
40,14.49484920501709
