ID,平均价
0,72.5
1,72.5
2,72.5
3,72.5
4,72.5
5,72.5
6,72.5
7,72.5
8,72.5
9,72.5
10,72.5
11,72.5
12,72.5
13,72.5
14,74.0
15,74.0
16,74.0
17,74.0
18,74.0
19,74.0
20,74.0
21,74.0
22,74.0
23,74.0
24,74.0
25,81.0
26,81.0
27,81.0
28,81.0
29,81.0
30,81.0
31,81.5
32,81.5
33,80.43939971923828
34,80.43939971923828
35,80.43939971923828
36,80.43939971923828
37,80.43939971923828
38,80.43939971923828
39,80.43939971923828
