ID,平均价
0,2.45
1,2.45
2,2.45
3,2.45
4,2.45
5,2.45
6,2.45
7,2.45
8,2.45
9,2.45
10,2.45
11,2.45
12,2.45
13,2.45
14,2.45
15,2.45
16,2.45
17,2.45
18,2.45
19,2.45
20,2.45
21,2.45
22,2.45
23,2.45
24,2.45
25,2.45
26,2.45
27,2.45
28,2.45
29,2.45
30,2.45
31,2.45
32,2.45
33,2.450000047683716
34,2.450000047683716
35,2.450000047683716
36,2.450000047683716
37,2.450000047683716
38,2.450000047683716
39,2.450000047683716
