ID,平均价
0,123.5
1,123.5
2,123.5
3,123.5
4,123.5
5,123.5
6,123.5
7,123.5
8,123.5
9,123.5
10,123.5
11,123.5
12,123.5
13,123.5
14,123.5
15,123.5
16,123.5
17,123.5
18,123.5
19,123.5
20,123.5
21,123.5
22,123.5
23,123.5
24,123.5
25,129.0
26,129.0
27,129.0
28,129.0
29,129.0
30,129.0
31,129.0
32,129.0
33,128.47161865234375
34,128.47161865234375
35,128.47161865234375
36,128.47161865234375
37,128.47161865234375
38,128.47161865234375
39,128.47161865234375
