ID,平均价
0,2.65
1,2.65
2,2.65
3,2.65
4,2.65
5,2.65
6,2.65
7,2.65
8,2.65
9,2.65
10,2.65
11,2.65
12,2.65
13,2.65
14,2.65
15,2.65
16,2.65
17,2.65
18,2.65
19,2.65
20,2.65
21,2.65
22,2.65
23,2.65
24,2.65
25,2.65
26,2.65
27,2.65
28,2.65
29,2.65
30,2.65
31,2.65
32,2.65
33,2.6500000953674316
34,2.6500000953674316
35,2.6500000953674316
36,2.6500000953674316
37,2.6500000953674316
38,2.6500000953674316
39,2.6500000953674316
