ID,平均价
0,48.0
1,48.0
2,48.0
3,48.75
4,48.75
5,48.75
6,48.75
7,48.75
8,48.0
9,48.0
10,48.0
11,48.0
12,48.0
13,47.0
14,47.0
15,46.0
16,46.75
17,46.75
18,46.75
19,46.75
20,46.88
21,47.5
22,49.5
23,50.0
24,50.0
25,53.75
26,53.75
27,54.13
28,54.13
29,54.75
30,55.5
31,57.5
32,57.5
33,53.203346252441406
34,53.203346252441406
35,53.203346252441406
36,53.203346252441406
37,53.203346252441406
38,53.203346252441406
39,53.203346252441406
