ID,平均价
0,7.75
1,7.75
2,7.75
3,7.75
4,7.75
5,7.75
6,7.75
7,7.75
8,5.85
9,5.85
10,7.75
11,7.75
12,7.75
13,7.75
14,7.75
15,7.75
16,7.75
17,7.75
18,7.75
19,7.75
20,7.75
21,7.75
22,7.75
23,7.75
24,7.75
25,9.5
26,9.5
27,9.5
28,9.5
29,9.5
30,9.5
31,9.5
32,9.5
33,8.9845552444458
34,8.9845552444458
35,8.9845552444458
36,8.9845552444458
37,8.9845552444458
38,8.9845552444458
39,8.9845552444458
