ID,平均价
0,2.15
1,2.15
2,2.15
3,2.15
4,2.15
5,2.15
6,2.15
7,2.15
8,2.15
9,2.15
10,2.15
11,2.15
12,2.15
13,2.15
14,2.15
15,2.15
16,2.15
17,2.15
18,2.15
19,2.15
20,2.15
21,2.15
22,2.15
23,2.15
24,2.15
25,2.15
26,2.15
27,2.15
28,2.15
29,2.15
30,2.15
31,2.15
32,2.15
33,2.1500000953674316
34,2.1500000953674316
35,2.1500000953674316
36,2.1500000953674316
37,2.1500000953674316
38,2.1500000953674316
39,2.1500000953674316
