ID,平均价
0,10.5
1,10.5
2,10.5
3,10.5
4,10.5
5,10.5
6,11.5
7,11.5
8,11.5
9,11.5
10,11.5
11,10.5
12,10.5
13,10.5
14,10.5
15,10.5
16,9.5
17,9.5
18,9.5
19,10.5
20,13.5
21,11.5
22,9.5
23,8.5
24,8.5
25,8.5
26,8.5
27,8.5
28,8.5
29,8.5
30,8.5
31,13.5
32,12.5
33,13.0
34,10.256482124328613
35,10.256482124328613
36,10.256482124328613
37,10.256482124328613
38,10.256482124328613
39,10.256482124328613
40,10.256482124328613
