ID,平均价
0,4.35
1,4.35
2,4.35
3,4.35
4,4.35
5,4.35
6,4.35
7,4.35
8,4.35
9,4.35
10,4.35
11,4.35
12,4.35
13,4.35
14,4.35
15,4.35
16,4.35
17,4.25
18,4.25
19,4.25
20,4.25
21,4.25
22,4.25
23,4.25
24,4.25
25,4.25
26,4.25
27,4.25
28,4.25
29,4.25
30,4.25
31,4.25
32,4.25
33,4.30582857131958
34,4.30582857131958
35,4.30582857131958
36,4.30582857131958
37,4.30582857131958
38,4.30582857131958
39,4.30582857131958
