ID,平均价
0,1.92
1,1.89
2,1.89
3,1.89
4,1.89
5,1.89
6,1.89
7,1.87
8,1.87
9,1.87
10,1.87
11,1.87
12,1.8
13,1.78
14,1.81
15,1.81
16,1.81
17,1.81
18,1.81
19,1.81
20,1.91
21,1.94
22,1.74
23,1.79
24,1.84
25,1.87
26,1.87
27,1.87
28,1.94
29,2.35
30,2.35
31,2.35
32,2.35
33,1.8515384197235107
34,1.8515384197235107
35,1.8515384197235107
36,1.8515384197235107
37,1.8515384197235107
38,1.8515384197235107
39,1.8515384197235107
