ID,平均价
0,14.5
1,14.5
2,14.0
3,14.0
4,13.5
5,13.5
6,13.5
7,13.5
8,13.5
9,13.5
10,13.5
11,13.5
12,13.5
13,13.5
14,13.5
15,13.5
16,13.5
17,13.5
18,13.5
19,13.5
20,13.5
21,13.5
22,12.75
23,12.75
24,12.75
25,12.75
26,12.75
27,12.75
28,12.75
29,12.75
30,12.75
31,12.75
32,12.75
33,12.875475883483887
34,12.875475883483887
35,12.875475883483887
36,12.875475883483887
37,12.875475883483887
38,12.875475883483887
39,12.875475883483887
