ID,平均价
0,14.0
1,14.0
2,14.0
3,14.0
4,14.0
5,14.0
6,14.0
7,14.0
8,14.0
9,13.5
10,13.5
11,13.5
12,13.5
13,13.5
14,13.5
15,13.5
16,13.5
17,13.5
18,13.5
19,13.5
20,13.5
21,13.5
22,13.5
23,13.5
24,13.5
25,13.5
26,13.5
27,13.5
28,13.5
29,13.5
30,13.5
31,13.5
32,13.5
33,13.529525756835938
34,13.529525756835938
35,13.529525756835938
36,13.529525756835938
37,13.529525756835938
38,13.529525756835938
39,13.529525756835938
