ID,平均价
0,16.5
1,16.5
2,15.5
3,16.5
4,17.5
5,16.5
6,16.5
7,16.5
8,15.5
9,15.5
10,15.5
11,17.5
12,17.5
13,17.5
14,17.5
15,16.5
16,16.5
17,16.5
18,17.5
19,17.5
20,17.5
21,17.5
22,18.5
23,19.5
24,24.5
25,22.5
26,23.5
27,23.5
28,24.5
29,25.5
30,26.5
31,25.5
32,18.5
33,17.5
34,23.03458595275879
35,23.03458595275879
36,23.03458595275879
37,23.03458595275879
38,23.03458595275879
39,23.03458595275879
40,23.03458595275879
