ID,平均价
0,33.0
1,33.0
2,33.0
3,33.0
4,33.0
5,33.0
6,33.0
7,33.0
8,33.0
9,31.5
10,31.5
11,31.5
12,31.5
13,31.5
14,31.5
15,31.5
16,31.5
17,31.5
18,31.5
19,31.5
20,31.5
21,31.5
22,31.5
23,31.5
24,31.5
25,31.5
26,31.5
27,33.0
28,33.0
29,33.0
30,33.0
31,33.0
32,33.0
33,31.97296905517578
34,31.97296905517578
35,31.97296905517578
36,31.97296905517578
37,31.97296905517578
38,31.97296905517578
39,31.97296905517578
