ID,平均价
0,6.5
1,6.5
2,6.5
3,6.5
4,6.5
5,6.5
6,6.5
7,6.5
8,6.5
9,6.5
10,6.5
11,6.5
12,6.5
13,6.5
14,6.5
15,6.5
16,11.5
17,11.5
18,11.5
19,11.5
20,11.5
21,11.5
22,11.5
23,11.5
24,11.5
25,11.5
26,11.5
27,15.0
28,15.0
29,15.0
30,15.0
31,13.5
32,13.5
33,11.449734687805176
34,11.449734687805176
35,11.449734687805176
36,11.449734687805176
37,11.449734687805176
38,11.449734687805176
39,11.449734687805176
