ID,平均价
0,2.25
1,2.25
2,2.25
3,2.25
4,2.35
5,2.35
6,2.35
7,2.35
8,2.35
9,2.35
10,2.35
11,2.35
12,2.35
13,2.35
14,2.35
15,2.35
16,2.35
17,2.35
18,2.35
19,2.35
20,2.35
21,2.35
22,2.3
23,2.3
24,2.3
25,2.35
26,2.35
27,2.35
28,2.35
29,2.07
30,2.07
31,2.07
32,2.07
33,2.328845977783203
34,2.328845977783203
35,2.328845977783203
36,2.328845977783203
37,2.328845977783203
38,2.328845977783203
39,2.328845977783203
