ID,平均价
0,1.98
1,1.93
2,1.93
3,1.93
4,1.93
5,1.93
6,1.93
7,1.93
8,1.91
9,1.91
10,1.91
11,1.91
12,1.9
13,1.84
14,1.74
15,1.91
16,1.91
17,1.91
18,1.91
19,1.91
20,1.97
21,2.0
22,1.84
23,1.88
24,1.91
25,1.94
26,1.94
27,1.94
28,1.98
29,2.03
30,2.03
31,2.03
32,2.03
33,1.9115384817123413
34,1.9115384817123413
35,1.9115384817123413
36,1.9115384817123413
37,1.9115384817123413
38,1.9115384817123413
39,1.9115384817123413
