ID,平均价
0,10.5
1,10.5
2,9.5
3,9.5
4,10.5
5,10.5
6,12.5
7,12.5
8,11.5
9,11.5
10,11.5
11,11.5
12,11.5
13,11.5
14,10.5
15,10.5
16,13.5
17,14.5
18,14.5
19,14.5
20,14.5
21,14.5
22,13.5
23,11.5
24,11.5
25,12.5
26,10.5
27,9.5
28,9.5
29,9.5
30,9.5
31,15.5
32,9.5
33,9.5
34,11.005373001098633
35,11.005373001098633
36,11.005373001098633
37,11.005373001098633
38,11.005373001098633
39,11.005373001098633
40,11.005373001098633
