ID,平均价
0,72.5
1,72.5
2,71.5
3,71.5
4,71.5
5,71.5
6,71.5
7,71.5
8,71.5
9,71.5
10,71.5
11,70.0
12,70.0
13,70.0
14,70.0
15,70.0
16,70.0
17,70.0
18,70.0
19,70.0
20,70.0
21,70.0
22,70.0
23,70.0
24,70.0
25,70.0
26,70.0
27,70.0
28,70.0
29,70.0
30,70.0
31,70.0
32,70.0
33,70.03346252441406
34,70.03346252441406
35,70.03346252441406
36,70.03346252441406
37,70.03346252441406
38,70.03346252441406
39,70.03346252441406
