ID,平均价
0,15.0
1,15.0
2,15.0
3,15.0
4,15.0
5,14.0
6,14.0
7,15.0
8,15.0
9,12.5
10,12.5
11,12.5
12,12.5
13,11.25
14,11.25
15,11.25
16,11.25
17,11.25
18,11.25
19,11.25
20,11.25
21,11.25
22,11.25
23,11.25
24,11.25
25,11.25
26,11.25
27,11.25
28,11.25
29,11.25
30,11.0
31,11.0
32,11.0
33,11.288615226745605
34,11.288615226745605
35,11.288615226745605
36,11.288615226745605
37,11.288615226745605
38,11.288615226745605
39,11.288615226745605
