ID,平均价
0,13.0
1,13.0
2,13.0
3,13.0
4,12.75
5,12.75
6,12.75
7,12.75
8,12.75
9,12.75
10,12.75
11,12.75
12,12.75
13,12.75
14,12.75
15,12.5
16,12.5
17,12.5
18,12.5
19,12.5
20,12.5
21,12.5
22,12.5
23,12.5
24,12.5
25,12.0
26,12.0
27,12.0
28,12.0
29,12.0
30,11.0
31,11.0
32,11.0
33,12.500120162963867
34,12.500120162963867
35,12.500120162963867
36,12.500120162963867
37,12.500120162963867
38,12.500120162963867
39,12.500120162963867
