ID,平均价
0,44.0
1,44.0
2,44.0
3,44.0
4,44.0
5,44.0
6,44.0
7,44.75
8,45.75
9,45.75
10,45.75
11,45.75
12,46.38
13,44.5
14,44.5
15,42.75
16,42.0
17,42.0
18,42.0
19,42.0
20,42.0
21,41.5
22,42.5
23,43.0
24,43.75
25,48.5
26,48.5
27,49.0
28,49.0
29,49.0
30,49.0
31,50.5
32,50.5
33,47.97611999511719
34,47.97611999511719
35,47.97611999511719
36,47.97611999511719
37,47.97611999511719
38,47.97611999511719
39,47.97611999511719
