ID,平均价
0,3.3
1,3.3
2,3.3
3,3.3
4,3.3
5,3.3
6,3.3
7,3.3
8,3.3
9,3.3
10,3.3
11,3.3
12,3.3
13,3.15
14,3.15
15,3.15
16,3.15
17,3.15
18,3.15
19,3.15
20,3.15
21,3.15
22,3.0
23,3.0
24,3.0
25,3.0
26,3.0
27,3.3
28,3.3
29,3.3
30,3.3
31,3.3
32,3.3
33,3.196387529373169
34,3.196387529373169
35,3.196387529373169
36,3.196387529373169
37,3.196387529373169
38,3.196387529373169
39,3.196387529373169
