ID,平均价
0,27.5
1,27.5
2,27.5
3,27.5
4,27.5
5,27.5
6,27.5
7,27.5
8,27.5
9,25.5
10,25.5
11,25.5
12,25.5
13,25.5
14,25.5
15,25.5
16,25.5
17,25.5
18,25.5
19,25.5
20,25.5
21,25.5
22,25.5
23,25.5
24,25.5
25,25.5
26,25.5
27,25.5
28,25.5
29,25.5
30,25.5
31,25.5
32,25.5
33,25.529518127441406
34,25.529518127441406
35,25.529518127441406
36,25.529518127441406
37,25.529518127441406
38,25.529518127441406
39,25.529518127441406
