ID,平均价
0,2.25
1,2.25
2,2.25
3,2.25
4,2.25
5,2.25
6,2.25
7,2.25
8,2.25
9,2.25
10,2.25
11,2.25
12,2.25
13,2.25
14,2.25
15,2.25
16,2.25
17,2.25
18,2.25
19,2.25
20,2.25
21,2.25
22,2.15
23,2.15
24,2.15
25,2.15
26,2.15
27,2.15
28,2.15
29,2.15
30,2.15
31,2.15
32,2.15
33,2.2346153259277344
34,2.2346153259277344
35,2.2346153259277344
36,2.2346153259277344
37,2.2346153259277344
38,2.2346153259277344
39,2.2346153259277344
