ID,平均价
0,5.25
1,5.5
2,10.5
3,7.0
4,7.5
5,7.5
6,7.5
7,6.5
8,6.5
9,3.65
10,4.9
11,5.0
12,5.0
13,4.9
14,4.9
15,4.9
16,4.9
17,4.9
18,4.9
19,4.9
20,5.0
21,8.0
22,8.0
23,8.0
24,8.75
25,8.75
26,8.75
27,8.75
28,8.75
29,8.75
30,8.75
31,10.0
32,10.0
33,8.495672225952148
34,8.495672225952148
35,8.495672225952148
36,8.495672225952148
37,8.495672225952148
38,8.495672225952148
39,8.495672225952148
