ID,平均价
0,12.5
1,12.5
2,12.5
3,12.5
4,12.5
5,12.5
6,12.5
7,12.5
8,12.5
9,12.5
10,12.5
11,12.5
12,12.5
13,12.5
14,12.5
15,12.0
16,11.5
17,11.5
18,11.5
19,11.5
20,11.5
21,11.5
22,11.5
23,11.5
24,11.5
25,11.0
26,11.0
27,11.0
28,11.0
29,11.0
30,11.0
31,11.0
32,11.0
33,11.500272750854492
34,11.500272750854492
35,11.500272750854492
36,11.500272750854492
37,11.500272750854492
38,11.500272750854492
39,11.500272750854492
