ID,平均价
0,13.5
1,13.5
2,12.5
3,12.5
4,12.5
5,12.5
6,13.5
7,12.5
8,12.5
9,12.5
10,13.5
11,13.5
12,13.5
13,13.5
14,12.5
15,11.5
16,10.5
17,9.5
18,9.5
19,9.5
20,11.5
21,12.5
22,12.5
23,12.5
24,12.5
25,13.5
26,11.5
27,12.5
28,12.5
29,11.5
30,12.5
31,11.5
32,11.5
33,10.5
34,12.001644134521484
35,12.001644134521484
36,12.001644134521484
37,12.001644134521484
38,12.001644134521484
39,12.001644134521484
40,12.001644134521484
