ID,平均价
0,36.5
1,36.5
2,36.5
3,34.5
4,29.5
5,29.5
6,25.5
7,20.5
8,17.5
9,17.5
10,17.5
11,17.5
12,15.5
13,15.5
14,13.5
15,10.5
16,10.5
17,8.5
18,8.5
19,6.5
20,29.5
21,29.5
22,28.5
23,28.5
24,28.5
25,28.5
26,25.5
27,25.5
28,27.5
29,27.5
30,30.5
31,29.5
32,29.5
33,25.0
34,25.497018814086914
35,25.497018814086914
36,25.497018814086914
37,25.497018814086914
38,25.497018814086914
39,25.497018814086914
40,25.497018814086914
