ID,平均价
0,13.5
1,13.5
2,13.5
3,13.5
4,13.5
5,13.5
6,13.5
7,13.5
8,13.5
9,13.5
10,13.5
11,13.5
12,13.5
13,13.5
14,13.5
15,15.5
16,15.5
17,15.5
18,15.5
19,15.5
20,15.5
21,15.0
22,15.0
23,15.0
24,15.0
25,15.0
26,15.0
27,15.0
28,15.0
29,14.5
30,14.5
31,14.5
32,14.5
33,14.728694915771484
34,14.728694915771484
35,14.728694915771484
36,14.728694915771484
37,14.728694915771484
38,14.728694915771484
39,14.728694915771484
