ID,平均价
0,35.0
1,35.0
2,35.0
3,35.0
4,34.0
5,34.0
6,34.0
7,34.0
8,34.0
9,34.0
10,34.0
11,34.0
12,34.0
13,34.0
14,34.0
15,34.0
16,34.0
17,34.0
18,34.0
19,34.0
20,34.0
21,34.0
22,34.0
23,34.0
24,34.0
25,34.0
26,34.0
27,34.0
28,34.0
29,34.0
30,34.0
31,34.0
32,33.0
33,34.02274703979492
34,34.02274703979492
35,34.02274703979492
36,34.02274703979492
37,34.02274703979492
38,34.02274703979492
39,34.02274703979492
