ID,平均价
0,9.5
1,9.5
2,9.5
3,10.25
4,10.25
5,10.25
6,10.25
7,9.5
8,9.5
9,9.5
10,9.5
11,9.5
12,9.5
13,9.5
14,9.5
15,8.5
16,8.5
17,8.5
18,7.5
19,7.5
20,8.25
21,7.5
22,8.25
23,8.25
24,8.25
25,8.25
26,8.25
27,7.5
28,8.5
29,11.5
30,11.5
31,11.5
32,11.5
33,10.5
34,8.923076629638672
35,8.923076629638672
36,8.923076629638672
37,8.923076629638672
38,8.923076629638672
39,8.923076629638672
40,8.923076629638672
