ID,平均价
0,3.25
1,3.25
2,3.25
3,3.5
4,3.75
5,3.75
6,3.35
7,3.35
8,3.35
9,3.35
10,3.35
11,3.35
12,3.35
13,3.35
14,3.75
15,3.75
16,3.75
17,3.75
18,3.75
19,3.75
20,4.0
21,4.0
22,4.0
23,4.0
24,4.0
25,4.1
26,4.1
27,4.1
28,4.1
29,4.1
30,4.1
31,4.1
32,4.1
33,3.9329397678375244
34,3.9329397678375244
35,3.9329397678375244
36,3.9329397678375244
37,3.9329397678375244
38,3.9329397678375244
39,3.9329397678375244
