ID,平均价
0,15.5
1,15.5
2,12.5
3,11.5
4,11.5
5,11.5
6,11.5
7,11.5
8,8.5
9,8.5
10,8.5
11,8.5
12,8.5
13,8.5
14,8.5
15,8.5
16,12.5
17,13.0
18,14.5
19,15.5
20,15.5
21,15.5
22,14.5
23,12.5
24,12.5
25,12.5
26,12.5
27,11.5
28,10.5
29,9.5
30,8.5
31,8.5
32,10.0
33,9.5
34,11.89370346069336
35,11.89370346069336
36,11.89370346069336
37,11.89370346069336
38,11.89370346069336
39,11.89370346069336
40,11.89370346069336
