ID,平均价
0,9.75
1,9.75
2,9.75
3,9.75
4,9.75
5,9.75
6,9.75
7,9.75
8,10.25
9,10.25
10,10.25
11,10.5
12,10.5
13,10.5
14,10.5
15,10.5
16,10.5
17,10.5
18,10.5
19,10.5
20,10.5
21,10.5
22,10.5
23,10.5
24,10.0
25,10.0
26,8.75
27,8.75
28,8.75
29,8.75
30,8.0
31,8.5
32,8.5
33,10.201923370361328
34,10.201923370361328
35,10.201923370361328
36,10.201923370361328
37,10.201923370361328
38,10.201923370361328
39,10.201923370361328
