ID,平均价
0,28.0
1,28.0
2,28.0
3,28.0
4,28.0
5,28.0
6,28.0
7,28.0
8,28.0
9,29.0
10,29.0
11,29.0
12,29.0
13,29.0
14,29.0
15,29.0
16,29.0
17,29.0
18,29.0
19,31.5
20,31.5
21,31.5
22,31.5
23,31.5
24,29.0
25,30.0
26,30.0
27,30.0
28,30.0
29,30.0
30,30.0
31,31.5
32,31.5
33,29.597187042236328
34,29.597187042236328
35,29.597187042236328
36,29.597187042236328
37,29.597187042236328
38,29.597187042236328
39,29.597187042236328
