ID,平均价
0,31.5
1,31.5
2,31.5
3,31.5
4,31.0
5,31.0
6,31.0
7,27.5
8,27.5
9,30.0
10,30.0
11,27.5
12,27.5
13,27.5
14,27.5
15,27.5
16,27.5
17,27.5
18,27.5
19,26.5
20,26.5
21,26.5
22,26.5
23,26.5
24,26.5
25,26.5
26,26.5
27,26.5
28,26.5
29,26.5
30,26.5
31,26.5
32,26.5
33,26.572067260742188
34,26.572067260742188
35,26.572067260742188
36,26.572067260742188
37,26.572067260742188
38,26.572067260742188
39,26.572067260742188
