ID,平均价
0,22.5
1,22.5
2,22.5
3,22.5
4,22.5
5,22.5
6,22.5
7,22.5
8,22.5
9,22.5
10,22.5
11,21.5
12,21.5
13,21.5
14,21.5
15,21.5
16,21.5
17,21.5
18,21.5
19,21.5
20,21.5
21,21.5
22,21.5
23,21.5
24,21.5
25,21.5
26,21.5
27,21.5
28,21.5
29,21.5
30,21.5
31,21.5
32,21.5
33,21.533479690551758
34,21.533479690551758
35,21.533479690551758
36,21.533479690551758
37,21.533479690551758
38,21.533479690551758
39,21.533479690551758
