ID,平均价
0,39.0
1,39.0
2,39.0
3,39.0
4,37.5
5,37.5
6,37.5
7,37.5
8,34.0
9,37.5
10,37.5
11,37.5
12,37.5
13,37.5
14,37.5
15,37.5
16,37.5
17,37.5
18,37.5
19,37.5
20,37.5
21,37.5
22,45.0
23,45.0
24,45.0
25,45.0
26,45.0
27,45.0
28,45.0
29,45.0
30,45.0
31,47.5
32,47.5
33,44.87353515625
34,44.87353515625
35,44.87353515625
36,44.87353515625
37,44.87353515625
38,44.87353515625
39,44.87353515625
