ID,平均价
0,2.43
1,2.43
2,2.43
3,2.43
4,2.43
5,2.43
6,2.43
7,2.43
8,2.43
9,2.43
10,2.43
11,2.43
12,2.43
13,2.43
14,2.43
15,2.43
16,2.43
17,2.43
18,2.43
19,2.43
20,2.43
21,2.43
22,2.43
23,2.43
24,2.43
25,2.43
26,2.43
27,2.43
28,2.43
29,2.43
30,2.43
31,2.43
32,2.43
33,2.430000066757202
34,2.430000066757202
35,2.430000066757202
36,2.430000066757202
37,2.430000066757202
38,2.430000066757202
39,2.430000066757202
