ID,平均价
0,25.499999999999996
1,25.499999999999996
2,25.499999999999996
3,26.5
4,37.5
5,34.5
6,30.5
7,28.5
8,19.0
9,19.0
10,19.0
11,19.0
12,18.5
13,18.5
14,18.5
15,17.5
16,16.5
17,14.499999999999998
18,14.499999999999998
19,12.5
20,12.5
21,11.5
22,9.5
23,9.5
24,9.5
25,9.5
26,9.5
27,10.5
28,15.499999999999998
29,18.5
30,18.5
31,31.5
32,13.952882766723633
