ID,平均价
0,15.499999999999998
1,15.499999999999998
2,12.5
3,11.5
4,11.5
5,11.5
6,11.5
7,11.5
8,8.5
9,8.5
10,8.5
11,8.5
12,8.5
13,8.5
14,8.5
15,8.5
16,12.5
17,13.0
18,14.499999999999998
19,15.499999999999998
20,15.499999999999998
21,15.499999999999998
22,14.499999999999998
23,12.5
24,12.5
25,12.5
26,12.5
27,11.5
28,10.5
29,9.5
30,8.5
31,8.5
32,10.0
33,9.5
34,14.672266960144043
