ID,平均价
0,31.5
1,31.5
2,25.5
3,21.5
4,20.5
5,20.5
6,22.5
7,20.5
8,16.5
9,16.5
10,16.5
11,16.5
12,16.5
13,16.5
14,15.500000000000002
15,16.5
16,15.500000000000002
17,13.500000000000002
18,13.500000000000002
19,14.499999999999998
20,14.499999999999998
21,15.500000000000002
22,16.5
23,16.5
24,16.5
25,18.5
26,11.500000000000002
27,13.500000000000002
28,13.500000000000002
29,15.500000000000002
30,16.5
31,15.500000000000002
32,48.5
33,48.5
34,16.682031631469727
