ID,平均价
0,48.0
1,48.0
2,48.0
3,48.0
4,48.0
5,48.0
6,48.0
7,48.0
8,48.0
9,48.0
10,48.0
11,48.0
12,48.0
13,46.99999999999999
14,46.99999999999999
15,46.0
16,46.75
17,46.75
18,46.75
19,46.75
20,46.99999999999999
21,48.0
22,49.00000000000001
23,50.0
24,50.0
25,53.50000000000001
26,53.50000000000001
27,54.13000000000001
28,54.13000000000001
29,54.5
30,55.38000000000001
31,57.5
32,57.5
33,53.64359664916992
