ID,平均价
0,8.5
1,8.5
2,8.5
3,8.25
4,8.25
5,8.25
6,8.25
7,8.25
8,8.25
9,8.25
10,8.25
11,8.25
12,8.25
13,8.25
14,8.25
15,8.25
16,11.5
17,11.5
18,11.5
19,11.5
20,11.5
21,11.5
22,11.5
23,11.5
24,11.5
25,11.5
26,11.5
27,11.5
28,12.0
29,12.0
30,12.999999999999998
31,11.000000000000002
32,11.000000000000002
33,13.400458335876465
