ID,平均价
0,18.5
1,23.5
2,23.5
3,24.5
4,22.5
5,17.5
6,17.5
7,16.5
8,15.499999999999998
9,15.499999999999998
10,15.499999999999998
11,15.499999999999998
12,15.499999999999998
13,15.499999999999998
14,14.5
15,15.499999999999998
16,14.5
17,16.5
18,16.5
19,16.25
20,15.499999999999998
21,15.499999999999998
22,14.5
23,14.5
24,14.5
25,15.499999999999998
26,12.499999999999998
27,12.499999999999998
28,13.5
29,19.5
30,20.5
31,24.0
32,22.0
33,18.5
34,16.531709671020508
