ID,平均价
0,111.0
1,111.0
2,111.0
3,111.0
4,111.0
5,111.0
6,111.0
7,111.0
8,111.0
9,111.0
10,111.0
11,111.0
12,113.99999999999999
13,113.99999999999999
14,116.5
15,116.5
16,116.5
17,116.5
18,116.5
19,116.5
20,118.99999999999999
21,121.0
22,121.0
23,121.0
24,124.99999999999999
25,131.0
26,131.0
27,131.0
28,131.0
29,131.0
30,133.5
31,133.5
32,133.5
33,154.17733764648438
