ID,平均价
0,15.499999999999998
1,15.499999999999998
2,15.499999999999998
3,15.499999999999998
4,15.499999999999998
5,15.499999999999998
6,15.499999999999998
7,15.499999999999998
8,15.499999999999998
9,15.0
10,15.0
11,15.0
12,15.0
13,15.0
14,15.0
15,15.0
16,15.0
17,15.0
18,15.0
19,15.0
20,15.0
21,15.0
22,15.0
23,15.0
24,15.0
25,15.0
26,15.0
27,15.0
28,15.0
29,15.0
30,13.999999999999998
31,13.999999999999998
32,13.999999999999998
33,14.716428756713867
