ID,平均价
0,230.50000000000003
1,230.50000000000003
2,229.50000000000003
3,209.5
4,209.5
5,209.5
6,200.5
7,200.5
8,200.5
9,200.5
10,190.5
11,180.5
12,180.5
13,170.5
14,160.5
15,115.5
16,110.5
17,109.50000000000001
18,109.50000000000001
19,109.50000000000001
20,109.50000000000001
21,109.50000000000001
22,109.50000000000001
23,109.50000000000001
24,105.25
25,105.25
26,94.5
27,94.5
28,92.5
29,92.5
30,95.5
31,95.5
32,89.5
33,60.5
34,83.22099304199219
