ID,平均价
0,1.77
1,1.77
2,1.77
3,1.77
4,1.77
5,1.77
6,1.77
7,1.77
8,1.77
9,1.77
10,1.77
11,1.77
12,1.75
13,1.7099999999999997
14,1.7099999999999997
15,1.7099999999999997
16,1.7099999999999997
17,1.7
18,1.7
19,1.7
20,1.7
21,1.7300000000000002
22,1.69
23,1.74
24,1.7600000000000002
25,1.8100000000000003
26,1.8100000000000003
27,1.8100000000000003
28,1.8100000000000003
29,1.8100000000000003
30,1.8100000000000003
31,1.89
32,1.89
33,1.7402315139770508
