ID,平均价
0,12.25
1,12.25
2,12.25
3,10.1
4,10.1
5,10.1
6,10.1
7,10.1
8,10.1
9,10.1
10,10.1
11,10.1
12,10.1
13,9.5
14,9.5
15,9.5
16,8.5
17,8.5
18,8.5
19,8.5
20,8.0
21,8.0
22,8.0
23,8.0
24,10.0
25,11.25
26,12.0
27,12.499999999999998
28,13.999999999999998
29,13.999999999999998
30,13.999999999999998
31,10.5
32,10.5
33,8.982572555541992
