ID,平均价
0,45.49999999999999
1,45.49999999999999
2,45.49999999999999
3,39.5
4,39.5
5,38.49999999999999
6,30.5
7,28.5
8,28.5
9,24.5
10,22.5
11,19.5
12,17.5
13,15.5
14,16.5
15,18.5
16,17.5
17,16.5
18,20.5
19,25.5
20,24.5
21,24.5
22,30.5
23,30.5
24,30.5
25,48.5
26,44.5
27,44.5
28,50.50000000000001
29,50.50000000000001
30,50.50000000000001
31,54.5
32,50.50000000000001
33,42.44048309326172
