ID,平均价
0,14.5
1,15.499999999999998
2,14.5
3,13.0
4,11.5
5,11.5
6,11.5
7,10.5
8,10.5
9,11.5
10,11.5
11,12.5
12,9.5
13,10.5
14,10.5
15,14.5
16,14.0
17,13.5
18,15.0
19,14.5
20,12.5
21,12.5
22,10.5
23,13.5
24,15.499999999999998
25,28.5
26,28.5
27,28.5
28,39.5
29,25.5
30,34.54941177368164
