ID,平均价
0,9.5
1,9.5
2,8.5
3,10.5
4,12.5
5,12.5
6,13.5
7,15.5
8,16.0
9,16.0
10,15.000000000000002
11,15.000000000000002
12,14.499999999999998
13,14.499999999999998
14,14.499999999999998
15,13.5
16,12.5
17,11.5
18,11.5
19,16.5
20,19.5
21,18.5
22,18.5
23,17.5
24,17.5
25,13.5
26,15.25
27,13.5
28,9.5
29,12.5
30,12.5
31,14.499999999999998
32,14.499999999999998
33,13.5
34,14.337080001831055
