ID,平均价
0,33.0
1,33.0
2,33.0
3,33.0
4,31.500000000000004
5,29.0
6,29.0
7,29.0
8,29.0
9,29.0
10,29.0
11,29.0
12,29.0
13,29.0
14,29.0
15,29.0
16,30.0
17,30.0
18,30.0
19,29.0
20,29.0
21,29.0
22,29.0
23,29.0
24,29.0
25,29.0
26,29.0
27,29.0
28,29.0
29,29.0
30,26.500000000000004
31,26.500000000000004
32,26.500000000000004
33,28.187585830688477
