ID,平均价
0,12.499999999999998
1,12.499999999999998
2,12.499999999999998
3,12.499999999999998
4,12.499999999999998
5,12.499999999999998
6,12.499999999999998
7,12.499999999999998
8,12.499999999999998
9,12.499999999999998
10,12.499999999999998
11,12.499999999999998
12,12.499999999999998
13,12.499999999999998
14,12.499999999999998
15,12.0
16,11.5
17,11.5
18,11.5
19,11.5
20,11.5
21,11.5
22,11.5
23,11.5
24,11.5
25,11.0
26,11.0
27,11.0
28,11.0
29,11.0
30,11.0
31,11.0
32,11.0
33,10.74010181427002
