ID,平均价
0,1.92
1,1.89
2,1.89
3,1.89
4,1.89
5,1.89
6,1.89
7,1.8699999999999999
8,1.8699999999999999
9,1.8699999999999999
10,1.8699999999999999
11,1.8699999999999999
12,1.8
13,1.78
14,1.8100000000000003
15,1.8100000000000003
16,1.8100000000000003
17,1.8100000000000003
18,1.8100000000000003
19,1.8100000000000003
20,1.91
21,1.94
22,1.74
23,1.7900000000000003
24,1.84
25,1.8699999999999999
26,1.8699999999999999
27,1.8699999999999999
28,1.94
29,2.35
30,2.35
31,2.35
32,2.35
33,2.095391035079956
