ID,平均价
0,39.5
1,39.5
2,39.5
3,31.500000000000004
4,30.149999999999995
5,30.149999999999995
6,30.149999999999995
7,30.149999999999995
8,30.149999999999995
9,30.149999999999995
10,27.25
11,27.25
12,27.25
13,28.499999999999996
14,26.2
15,26.2
16,26.2
17,26.2
18,27.500000000000004
19,27.500000000000004
20,27.500000000000004
21,27.500000000000004
22,27.500000000000004
23,28.499999999999996
24,33.5
25,53.0
26,53.0
27,53.0
28,52.5
29,50.0
30,42.5
31,23.48443031311035
