ID,平均价
0,5.5
1,5.5
2,4.75
3,4.5
4,4.5
5,4.5
6,5.5
7,5.5
8,5.5
9,5.5
10,7.5
11,7.5
12,7.5
13,6.5
14,6.5
15,6.5
16,5.75
17,5.75
18,5.75
19,5.75
20,5.75
21,5.25
22,5.25
23,5.25
24,5.25
25,5.25
26,5.25
27,5.25
28,5.25
29,5.25
30,5.75
31,5.75
32,6.249999999999999
33,5.5
34,5.170109748840332
