ID,平均价
0,7.1000000000000005
1,7.1000000000000005
2,7.1000000000000005
3,7.1000000000000005
4,7.1000000000000005
5,7.1000000000000005
6,7.1000000000000005
7,8.25
8,8.25
9,8.25
10,8.25
11,8.55
12,8.75
13,9.75
14,9.75
15,9.15
16,9.15
17,9.15
18,9.15
19,9.15
20,9.15
21,9.4
22,9.4
23,9.4
24,9.4
25,9.5
26,9.5
27,9.5
28,8.25
29,8.25
30,8.25
31,8.25
32,8.25
33,8.801193237304688
