ID,平均价
0,16.0
1,16.0
2,16.0
3,16.0
4,16.0
5,16.0
6,16.0
7,16.0
8,16.0
9,17.0
10,17.0
11,14.0
12,14.0
13,9.5
14,10.25
15,10.25
16,9.85
17,9.85
18,7.25
19,9.65
20,11.2
21,12.999999999999998
22,15.5
23,18.499999999999996
24,23.5
25,22.500000000000004
26,16.0
27,20.5
28,24.0
29,27.0
30,29.0
31,15.000000000000002
32,15.000000000000002
33,21.270320892333984
