ID,平均价
0,16.5
1,16.5
2,16.5
3,15.5
4,15.5
5,15.5
6,16.5
7,15.5
8,15.5
9,15.5
10,16.0
11,16.5
12,16.5
13,16.5
14,15.5
15,18.5
16,18.5
17,17.5
18,15.5
19,20.5
20,22.5
21,24.500000000000004
22,24.500000000000004
23,25.5
24,25.5
25,25.5
26,14.499999999999998
27,14.499999999999998
28,14.499999999999998
29,14.499999999999998
30,15.5
31,20.5
32,23.499999999999996
33,20.5
34,16.898784637451172
